wiki_en_title,name_ko
Dubai chocolate,두바이 초콜릿
Camel milk,낙타젖
Kashk,카슈크
Aush,아우시
Afghan salad,아프간 샐러드
Bolani,볼라니
Nisholda,니숄다
Gosh-e fil,고셰 필
Afghani burger,아프간 버거
Talkhan,탈칸
Shir Berenj,시르 베렌즈
Malida,말리다
Doogh,두그
Ballokume,발로쿠메
Kabuni,카부니
Kokoretsi,코코레치
Flia,플리아
Lucanica,루카니카
Fërgesë,퍼르게세
Lakror,라크로르
Tumact me tulez,투마치 메 툴레즈
Sharr (cheese),샤르 치즈
Lavash,라바시
Dolma,돌마
Shish kebab,시시 케밥
Abgoosht,아브구슈트
Ajapsandali,아자프산달리
Ghapama,하파마
Matnakash,마트나카시
Gata (food),가타
Tsoureki,추레키
Motal (cheese),모탈 치즈
Nazook,나주크
Azerbaijani pakhlava,아제르바이잔 파흘라바
Boraki,보라키
Jermuk (water),제르무크
Cocada amarela,코카다 아마렐라
Kissuto rombo,키수투 롬부
Calulu,칼룰루
Joelho,조엘류
Veal Milanese,밀라네사
Choripán,초리판
Fugazza,푸가사
Provoleta,프로볼레타
Cabrito,카브리토
Sardo,사르도 치즈
Reggianito,레자니토
Argentine pizza,아르헨티나식 피자
Chocotorta,초코토르타
Revuelto Gramajo,레부엘토 그라마호
Sorrentinos,소렌티노
Pebete,페베테
Strudel,슈트루델
Vienna sausage,비엔나소시지
Knödel,크뇌델
Schnitzel,슈니첼
Mozartkugel,모차르트쿠겔
Kifli,킵펠
Linzertorte,린처 토르테
Kaiser roll,카이저 롤
Vanillekipferl,바닐레킵펠
Wiener Melange,비너 멜랑주
Vienna bread,비엔나 빵
Salzburger Nockerl,잘츠부르크 노케를
Semmelknödel,제멜크뇌델
Debrecener,데브레첸 소시지
Punschkrapfen,푼슈크라펜
Bosna (dish),보스나
Leberknödel,레버크뇌델
Frog cake,개구리 케이크
Anzac biscuit,앤잭 비스킷
Damper (food),댐퍼
Fairy bread,페어리 브레드
Halal snack pack,할랄 스낵 팩
Pie floater,파이 플로터
Rocky road (dessert),로키 로드
Bush bread,부시 브레드
Chocolate crackles,초콜릿 크래클
Cruffin,크러핀
Hamdog,햄도그
White Christmas (food),화이트 크리스마스
Caramel tart,캐러멜 타르트
Steak and eggs,스테이크 앤드 에그
Kitchener bun,키치너 번
Boston bun,보스턴 번
Cheesymite scroll,치지마이트 스크롤
Neenish tart,니니시 타르트
Prawn roll,프라운 롤
Cheese slaw,치즈 슬로
LA Ice Cola,LA 아이스 콜라
Sausage sizzle,소시지 시즐
Blue Heaven (flavour),블루 헤븐
Piti (food),피티
Kuku (food),쿠쿠
Dovga,도브가
Shekerbura,섀캐르부라
Lula kebab,룰라 케밥
Bozbash,보즈바시
Chigirtma,치기르트마
Sheki halva,셰키 할바
Badambura,바담부라
Qovurma,고부르마
Levengi,래밴기
Tabriz meatballs,타브리즈 코프타
Bosnian pot,보산스키 로나츠
Tufahije,투파히예
Livno cheese,리브노 치즈
Ruske kape,루스케 카페
Vlašić cheese,블라시치 치즈
Uštipci,우시티프치
Şekerpare,셰케르파레
Šampita,샴피타
Bey's soup,베고바 초르바
Brown stew chicken,브라운 스튜 치킨
Chicken feet,닭발
Conkie,콘키
Cou-cou,쿠쿠
Mauby,모비
Panch phoron,판치 포론
Sandesh (confectionery),산데시
Pithali,피탈리
Borhani,보르하니
Soft Khichuri,키추리
Aloo chokha,알루 초카
Kala Bhuna,칼라 부나
Chotpoti,촛포티
Sunga pitha,숭아 피타
Bogurar doi,보그라 도이
Chitoi pitha,치토이 피타
Durus kura,두루스 쿠라
Duck bamboo curry,오리 죽순 커리
Satkara beef,삿코라 비프
Roust,로스트
Shagorana,샤고라나
Malpua,말푸아
Chomchom,촘촘
Pitha,피타
Panta bhat,판타 밧
Beguni,베구니
French fries,감자튀김
Limburger,림부르거
Waterzooi,바터르조이
Ruby chocolate,루비 초콜릿
Flemish stew,스토플레이스
Mitraillette,미트라예트
Chocolate praline,프랄린
Vlaai,블라이
Ontbijtkoek,온트베이트쿡
Sauce andalouse,앙달루즈 소스
Steak frites,스테이크 프리트
Belgian chocolate,벨기에 초콜릿
Speculoos,스페퀼로스
Rijstevlaai,레이스트블라이
Belgian waffle,벨기에 와플
Cuberdon,퀴베르동
Apple butter,애플 버터
Liège waffle,리에주 와플
Passendale cheese,파선달레 치즈
Pistolet (bread),피스톨레
Tarte au sucre,타르트 오 쉬크르
Stoemp,스툼프
Boulets à la Liégeoise,불레 아 라 리에주아즈
Shopska salad,숍스카 샐러드
Kashkaval,카슈카발
Lukanka,루칸카
Garash cake,가라시
Mekitsa,메키차
Sirene,시레네
Bob chorba,보브 초르바
Mish-mash (food),미시마시
Patatnik,파타트니크
Sharena sol,샤레나 솔
Cream tubes,크림 튜브
Snow White salad,백설공주 샐러드
Muhammar,무하마르
Wagasi,와가시
Amiwo,아미워
Akpan (dessert),아크판
Bomiwô,보미워
Ambuyat,암부얏
Clorot,츨로롯
Chuño,추뇨
Marraqueta,마라케타
Mocochinchi,모코친치
Charquicán,차르키칸
Chancaca,찬카카
Chola sandwich,촐라 샌드위치
Tojorí,토호리
Churrasco,슈하스쿠
Salpicon,살피콘
Minas cheese,미나스 치즈
Bauru (sandwich),바우루
Vatapá,바타파
Beijinho,베이지뉴
Broa,브로아
Pamonha,파모냐
Paçoca de amendoim,파소카
Quindim,킨징
Bolo de rolo,볼루 지 홀루
Goiabada,고이아바다
Canjica (dish),칸지카
Tucupi,투쿠피
Caruru (food),카루루
Quibebé,키베베
Cajuína,카주이나
Ham and egg bun,햄 에그 번
Swiss lemonade,스위스 레모네이드
Tacacá,타카카
Curau,쿠라우
Requeijão,헤케이장
Datshi,다치
Tsheringma tea,체링마 차
Kvass,크바스
Ryazhenka,랴젠카
Sbiten,스비텐
Kalduny,칼두니
Potato babka,감자 바브카
Oladyi,올라디
Šakotis,샤코티스
Pryanik,프랴니크
Zrazy,즈라지
Kishka (food),키시카
Asham (dessert),아샴
Coconut milk,코코넛 밀크
Cochinita pibil,코치니타 피빌
Rice and beans,라이스 앤드 빈스
Jerk (cooking),저크
Recado rojo,레카도 로호
Pork tail,돼지 꼬리
Pozol,포솔
Salbute,살부테
Bile up,바일 업
Peanut butter,땅콩버터
Hawaiian pizza,하와이안 피자
Nanaimo bar,나나이모 바
Rocky Mountain oysters,로키 마운틴 오이스터
Maple sugar,메이플 슈거
Sushi pizza,스시 피자
Tourtière,투르티에르
Fried dough,프라이드 도우
Pizza cake,피자 케이크
Butter tart,버터 타르트
Garlic fingers,갈릭 핑거
Maple leaf cream cookie,메이플 리프 크림 쿠키
Maple taffy,메이플 태피
Montreal-style smoked meat,몬트리올 스모크트 미트
Pasta primavera,파스타 프리마베라
Maple butter,메이플 버터
Pâté chinois,파테 시누아
Touton,투턴
Bumbleberry pie,범블베리 파이
Caramilk,캐러밀크
Cretons,크르통
Montreal-style bagel,몬트리올 베이글
Peameal bacon,피밀 베이컨
Persian (roll),퍼지언 롤
Pizza-ghetti,피자게티
Poutine râpée,푸틴 라페
Canadian white bread,캐나다 흰빵
Coconut doughnut,코코넛 도넛
Date square,데이트 스퀘어
Oka cheese,오카 치즈
Prawn soup,새우 수프
Sour cream doughnut,사워크림 도넛
B.C. roll,BC 롤
Flapper pie,플래퍼 파이
Ginger beef,진저 비프
Babute,바부테
Emmental cheese,에멘탈 치즈
Gruyère cheese,그뤼예르
Muesli,뮈슬리
Rösti,뢰슈티
Carrot cake,당근 케이크
Cordon bleu (dish),코르동 블뢰
Appenzeller cheese,아펜첼러
King cake,킹 케이크
Raclette,라클레트
Processed cheese,가공치즈
Tilsit cheese,틸지터
Sbrinz,스브린츠
Head cheese,헤드 치즈
Tête de Moine,테트 드 무안
Swiss chocolate,스위스 초콜릿
Vacherin Mont d'Or,바슈랭 몽도르
Raclette du Valais,라클레트 뒤 발레
Stutenkerl,슈투텐케를
Schabziger,샤프치거
Zopf,초프
Birnenhonig,비르넨호니히
Basler Läckerli,바슬러 레커를리
Tomme,톰
Berner Alpkäse,베르너 알프케제
Carac (pastry),카락
Landjäger,란트예거
Kedjenou,케제누
Barros Luco,바로스 루코
Mote con huesillo,모테 콘 우에시요
Completo,콤플레토
Curanto,쿠란토
Chacarero,차카레로
Cola de mono,콜라 데 모노
Merkén,메르켄
Chilean salad,칠레 샐러드
Paila marina,파일라 마리나
Pan de Pascua,판 데 파스쿠아
Chapalele,차팔렐레
Hallulla,아유야
Pantruca,판트루카
Caldillo de congrio,칼디요 데 콩그리오
Chanco cheese,찬코 치즈
Achu (soup),아추
Ekwang,에콴
Koki (food),코키
Kondreh (food),콘드레
Eru (soup),에루
Bongo'o,봉고
Mbongo Tchobi,음봉고 초비
Pasta,파스타
Fried rice,볶음밥
Century egg,피단
Spring roll,춘권
Wonton,완탕
Chow mein,차오몐
Zongzi,쭝쯔
Shrimp paste,새우장
Dim sum,딤섬
Pu'er tea,보이차
Brittle (food),브리틀
Nian gao,녠가오
Sugarcane juice,사탕수수즙
Tangyuan,탕위안
Grass jelly,셴차오
Hoisin sauce,해선장
Meat floss,러우쑹
Rice noodles,쌀국수
Biangbiang noodles,뱡뱡몐
Youtiao,유탸오
Chinese noodles,중국 국수
Longjing tea,용정차
Roast goose,거위구이
Tofu skin,두부껍질
Char siu,차사오
Egg drop soup,단화탕
Turtle soup,자라탕
Dongpo pork,동파육
Fermented bean curd,푸루
Lamian,라몐
Shumai,샤오마이
Buddha's delight,나한재
Cha siu bao,차슈바오
Roujiamo,러우자모
Tanghulu,탕후루
Douhua,더우화
Bakkwa,바콰
Chili oil,고추기름
Egg foo young,에그푸영
Lo mai chi,노마이치
Dandan noodles,단단면
Hong Kong–style milk tea,홍콩 밀크티
Mala (seasoning),마라
Roasted sweet potato,군고구마
Sachima,사치마
Tong sui,탕수이
Wonton noodles,완탕면
Zhajiangmian,자장몐
Chuan (food),촨
Ajiaco,아히아코
Oblea,오블레아
Changua,창과
Almojábana,알모하바나
Bocadillo (dessert),보카디요
Pandebono,판데보노
Arroz de lisa,아로스 데 리사
Cuchuco,쿠추코
Polvorosas,폴보로사
Aborrajados de plátano maduro,아보라하도
Arroz atollado,아로스 아토야도
Caldo de costilla,칼도 데 코스티야
Paipa cheese,파이파 치즈
Sweet corn arepa,아레파 데 초클로
Turrialba cheese,투리알바 치즈
Palmito cheese,팔미토 치즈
Cuban espresso,쿠바 에스프레소
Cucurucho,쿠쿠루초
Frita,프리타
Medianoche,메디아노체
Boliche,볼리체
Cuban pastry,파스텔리토
Bistec de palomilla,비스텍 데 팔로미야
Cuban sandwich,쿠바 샌드위치
Deviled crab,데빌드 크랩
Cachupa,카추파
Bolinhos de mandioca com mel,볼리뉴 드 만디오카
Bafa (food),바파
Anari cheese,아나리 치즈
Afelia,아펠리아
Flaouna,플라우나
Sheftalia,셰프탈리아
Spoon sweets,스푼 스위트
Kakavia (soup),카카비아
Ambelopoulia,암벨로풀리아
Hellimli,헬리믈리
Tsamarella,차마렐라
Apohtin,아포흐틴
Buchteln,부흐텔른
Trdelník,트르델니크
Powidl,포비들
Olomoucké tvarůžky,올로모우츠케 트바루슈키
Kolach (cake),콜라치
Smažený sýr,스마제니 시르
Žemlovka,졤로프카
Vánočka,바노치카
Christmas carp,크리스마스 잉어
Hermelín,헤르멜린
Kulajda,쿨라이다
Vepřo knedlo zelo,베프르조 크네들로 젤로
Abertam cheese,아베르탐 치즈
Česnečka,체스네치카
Granko,그란코
Hot dog,핫도그
Marzipan,마지팬
Currywurst,커리부어스트
Bread roll,롤빵
Black Forest gateau,슈바르츠발트 케이크
Meatloaf,미트로프
Bratwurst,브라트부어스트
Stollen,슈톨렌
Gummy bear,구미베어
Baumkuchen,바움쿠헨
Flammekueche,플람쿠헨
Fanta cake,환타 케이크
Königsberger Klopse,쾨니히스베르거 클로프제
Pumpernickel,품퍼니켈
Sauerbraten,자우어브라텐
Butterbrot,부터브로트
Marble cake,마블 케이크
Neapolitan ice cream,나폴리 아이스크림
Dampfnudel,담프누델
Frankfurter Würstchen,프랑크푸르터 뷔르스트헨
Rollmops,롤몹스
Dominostein,도미노슈타인
Black Forest ham,슈바르츠발트 햄
Obatzda,오바츠다
Cambozola,캄보촐라
Käsespätzle,케제슈페츨레
Maultasche,마울타셰
Zwiebelkuchen,츠비벨쿠헨
Hamburg steak,함박스테이크
Hedgehog slice,칼터 훈트
Bockwurst,보크부어스트
Funnel cake,퍼널 케이크
Persipan,페르지판
Streusel,슈트로이젤
Streuselkuchen,슈트로이젤쿠헨
Aachener Printen,아헤너 프린텐
Bethmännchen,베트멘헨
Fischbrötchen,피시브뢰트헨
Danish Blue Cheese,다나블루
Danish pastry,데니시 페이스트리
Frikadelle,프리카델레
Rødgrød,뢰드그뢰드
Æbleskiver,에블레스키베르
Havarti,하바르티
Oatmeal ball,쇼클라드볼
Kransekage,크란세카게
Danbo,단보
Risalamande,리살라망
Butter cookie,버터 쿠키
Esrom,에스롬
Flæskesteg,플레스케스테그
Øllebrød,욀레브뢰드
Bøfsandwich,뵈프샌드위치
Medisterpølse,메디스테르푈세
Buttermilk koldskål,콜스콜
Samsø cheese,삼쇠 치즈
Faxe Kondi,팍세 콘디
Jolly Cola,졸리 콜라
Chimichurri burger,치미추리 버거
Habichuelas con dulce,아비추엘라스 콘 둘세
Bizcocho dominicano,비스코초 도미니카노
Moro de guandules,모로 데 관둘레스
Locrio,로크리오
Guasacaca,과사카카
Morir soñando,모리르 소냔도
Chicha de piña,치차 데 피냐
Yaroa,야로아
Baghrir,바그리르
Mazagran (drink),마자그란
Kesra (bread),케스라
Kalb el louz,칼브 엘루즈
Créponné,크레포네
Karantika,카란티카
Matloue,마틀루아
Khobz tounes,코브즈 투네스
Derssa,데르사
Mahdjouba,마흐주바
Mbesses,음베스
Rechta,레슈타
Hmiss,흐미스
Tajine Lham-Lahlou,타진 람라흘루
Tajine mtewem,타진 므테웸
Fanesca,파네스카
Colada morada,콜라다 모라다
Fritada,프리타다
T'anta wawa,탄타 와와
Chugchucaras,추추카라스
Espumilla,에스푸미야
Mote pillo,모테 피요
Pinol,피놀
Corn nut,콘너트
Chifle,치플레
Guatita,과티타
Egg butter,무나보이
Sepik (bread),세피크
Mulgikapsad,물기캅사드
Mulgipuder,물기푸데르
Jalebi,잘레비
Kofta,코프타
Matzah,마차
Baba ghanoush,바바 가누쉬
Tulumba,툴룸바
Simit,시미트
Basbousa,바스부사
Bissara,비사라
Duqqa,두카
Rumi cheese,루미 치즈
Hawawshi,하와시
Fig roll,피그 롤
Kahk,카흐크
Baladi cheese,발라디 치즈
Gored gored,고레드 고레드
Niter kibbeh,니테르 키베
Berbere,베르베레
Shahan ful,샤한 풀
Tapas,타파스
Manchego,만체고 치즈
Cortado,코르타도
Snails as food,에스카르고
Turrón,투론
Fabada asturiana,파바다 아스투리아나
Crema catalana,크레마 카탈라나
Cabrales cheese,카브랄레스 치즈
Adobo,아도보
Arròs negre,아로스 네그레
Salmorejo,살모레호
Ajoblanco,아호블랑코
Fuet,푸에트
Chicharrón,치차론
Polvorón,폴보론
Cocido,코시도
Idiazabal cheese,이디아사발 치즈
Roncal cheese,론칼 치즈
Ensaïmada,엔사이마다
Escalivada,에스칼리바다
Migas,미가스
Miguelitos,미겔리토스
Tetilla cheese,테티야 치즈
Cuajada,쿠아하다
Escudella,에스쿠데야
Arroz con pollo,아로스 콘 포요
Jamón,하몬
Torta del Casar,토르타 델 카사르
Coca (pastry),코카
Gofio,고피오
Pisto,피스토
Sobrassada,소브라사다
Squid sandwich,보카디요 데 칼라마레스
Arroz a la cubana,아로스 아 라 쿠바나
Leche frita,레체 프리타
Mojo (sauce),모호
Mitmita,미트미타
Fit-fit,피트피트
Himbasha,힘바샤
Kitcha,키차
Kalakukko,칼라쿠코
Salty liquorice,살미아키
Semla,셈라
Mämmi,맴미
Runeberg torte,루네베리 토르테
Bread cheese,레이패유스토
Lohikeitto,로히케이토
Mustamakkara,무스타마카라
Rosolli,로솔리
Karelian hot pot,카리알란파이스티
Porkkanalaatikko,포르카날라티코
Ruisreikäleipä,루이스레이캘레이패
Blodpalt,블로드팔트
Joulutorttu,요울루토르투
Kesäkeitto,케새케이토
Maksalaatikko,막살라티코
Finnish bread,핀란드 빵
Lanttulaatikko,란툴라티코
Lihapiirakka,리하피라카
Lonkero,롱케로
Lörtsy,뢰르치
Porilainen,포릴라이넨
Sultsina,술치나
Bhindi fry,빈디 프라이
Mayonnaise,마요네즈
French toast,프렌치 토스트
Béchamel sauce,베샤멜 소스
Waffle,와플
Camembert,카망베르
Baguette,바게트
Brie,브리
Roquefort,로크포르
Stew,스튜
Foie gras,푸아그라
Éclair,에클레르
Aioli,아이올리
Béarnaise sauce,베아르네즈 소스
Crème brûlée,크렘 브륄레
Tartar sauce,타르타르 소스
Macaron,마카롱
Soufflé,수플레
Steak tartare,스테이크 타르타르
Brioche,브리오슈
Hollandaise sauce,올랑데즈 소스
Madeleine (cake),마들렌
Mousse,무스
Mille-feuille,밀푀유
French onion soup,양파 수프
Ganache,가나슈
Beef bourguignon,뵈프 부르기뇽
Crème fraîche,크렘 프레슈
Profiterole,프로피트롤
Salade niçoise,니수아즈 샐러드
Velouté sauce,블루테 소스
Yule log (cake),뷔슈 드 노엘
Cassoulet,카술레
Croque monsieur,크로크므시외
Choux pastry,슈
Tarte Tatin,타르트 타탱
Bavarian cream,바바루아
Gratin,그라탱
Pot-au-feu,포토푀
Charlotte (cake),샤를로트
Consommé,콩소메
Mirepoix,미르푸아
Pain au chocolat,팽 오 쇼콜라
Parfait,파르페
Blancmange,블랑망제
Clafoutis,클라푸티
Munster cheese,묑스테르
Bisque (food),비스크
Bouquet garni,부케 가르니
Peach Melba,피치 멜바
Verjuice,버주스
Beignet,베녜
Cantal cheese,캉탈
Dijon mustard,디종 머스터드
Kouign-amann,퀴냐만
Cookie,쿠키
Cheddar cheese,체다 치즈
Chocolate brownie,초콜릿 브라우니
Chicken tikka masala,치킨 티카 마살라
Gelatine dessert,젤리
Stilton cheese,스틸턴
Scone,스콘
Chocolate truffle,트뤼프 앙 쇼콜라
Baked potato,군감자
Yorkshire pudding,요크셔 푸딩
Pasty,패스티
Egg tart,단탓
Scotch egg,스코치 에그
Fish finger,피시 핑거
Battenberg cake,배턴버그 케이크
English muffin,잉글리시 머핀
Clotted cream,클로티드 크림
Welsh rarebit,웰시 레어빗
Gloucester cheese,글로스터 치즈
Mince pie,민스 파이
Banoffee pie,배노피 파이
Crumble,크럼블
Apple cake,사과 케이크
Bubble and squeak,버블 앤드 스퀴크
Caerphilly cheese,케어필리 치즈
Cheshire cheese,체셔 치즈
Oatcake,오트케이크
Spotted dick,스포티드 딕
Toast sandwich,토스트 샌드위치
Black pudding,블랙 푸딩
Hot cross bun,핫 크로스 번
Toad in the hole,토드 인 더 홀
Digestive biscuit,다이제스티브 비스킷
English breakfast tea,잉글리시 브렉퍼스트 티
Kedgeree,케저리
Coronation chicken,코로네이션 치킨
Crumpet,크럼펫
Shortcake,쇼트케이크
Eton mess,이튼 메스
Red Leicester,레드 레스터
Bakewell tart,베이크웰 타르트
Bangers and mash,뱅어스 앤드 매시
Wine gum,와인 검
Bread sauce,브레드 소스
Faggot (food),패곳
Flapjack (oat bar),플랩잭
Lancashire cheese,랭커셔 치즈
Gobstopper,고브스토퍼
Steak and kidney pie,스테이크 앤드 키드니 파이
Cheese on toast,치즈 토스트
Cucumber sandwich,오이 샌드위치
Horlicks,홀릭스
Madeira cake,마데이라 케이크
Shropshire Blue,슈롭셔 블루
Simnel cake,심넬 케이크
Ajika,아지카
Kharcho,하르초
Tkemali,트케말리
Borjomi (water),보르조미
Sulguni,술구니
Matzoon,마춘
Tarkhuna,타르후나
Shoti,쇼티
Gozinaki,고지나키
Chakhokhbili,차호흐빌리
Chanakhi,차나히
Kupati,쿠파티
Chikhirtma,치히르트마
Kubdari,쿠브다리
Akara,아카라
Waakye,와체
Banku (dish),반쿠
Kenkey,켄케이
Kokonte,코콘테
Omo tuo,오모 투오
Brukina,브루키나
Kpekpele,크페크펠레
Kube Cake,쿠베 케이크
Red red,레드 레드
Tubaani,투바니
Wasawasa,와사와사
Abunuabunu,아부누아부누
Asaana,아사나
Mpoto mpoto,음포토 음포토
Plakali,플라칼리
Feta,페타
Frappé coffee,프라페
Taramasalata,타라모살라타
Avgolemono,아브고레모노
Saganaki,사가나키
Stuffed leaves,돌마데스
Skordalia,스코르달리아
Pastitsio,파스티치오
Fasolada,파솔라다
Kefalotyri,케팔로티리
Bougatsa,부가차
Kasseri,카세리
Magiritsa,마이리차
Black soup,멜라스 조모스
Melomakarono,멜로마카로노
Tiropita,티로피타
Graviera,그라비에라
Koulourakia,쿨루라키아
Kourabiedes,쿠라비에데스
Mizithra,미지트라
Fiambre,피암브레
Kak'ik,카키크
Poc chuc,포크 추크
Garnacha (food),가르나차
Papadzules,파파술레스
Guyanese pepperpot,페퍼폿
Féroce,페로스
Pone (food),폰
Chimol,치몰
Agua fresca,아과 프레스카
Macheteada,마체테아다
Licitar,리치타르
Kulen,쿨렌
Pinca,핀차
Pag cheese,파그 치즈
Mlinci,믈린치
Pašticada,파슈티차다
Soparnik,소파르니크
Jota (food),요타
Fritaja,프리타야
Rab cake,라브 케이크
Bajadera,바야데라
Pršut,프르슈트
Basa (cheese),바사
Soup joumou,수프 주무
Mud cookie,진흙 쿠키
Akasan,아카상
Haitian spaghetti,아이티식 스파게티
Haitian patty,파테
Epis,에피스
Duckanoo,더카누
Tchaka,차카
Creole sauce,크레올 소스
Lángos,랑고시
Dobos torte,도보시 토르터
Pörkölt,푀르쾰트
Fisherman's soup,헐라슬레
Chicken paprikash,퍼프리카시 치르케
Esterházy torte,에스테르하지 토르터
Tarhonya,터르호녀
Kolach (bread),콜라치
Winter salami,윈터 살라미
Szaloncukor,설론추코르
Túró Rudi,투로 루디
Hortobágyi palacsinta,호르토바지 펄러친터
Sour cherry soup,사워체리 수프
Arany galuska,어러니 갈루슈커
Fatányéros,퍼타녜로시
Rigójancsi,리고연치
Gulyásleves,구야시레베시
Nutmeg,육두구
Kopi luwak,코피 루왁
Sambal,삼발
Rojak,루작
Cendol,첸돌
Lemang,르망
Jian dui,지엔두이
Rawon,라원
Bakso,박소
Krupuk,크루푹
Lontong,론통
Dodol,도돌
Gulai,굴라이
Tumpeng,툼펭
Lapis legit,라피스 레기트
Nasi uduk,나시 우둑
Pecel,페첼
Tapai,타파이
Acar,아차르
Asam pedas,아삼 프다스
Bakmi,박미
Bibingka,비빙카
Gudeg,구득
Kerak telor,크락 틀로르
Klepon,클레폰
Martabak manis,마르타바크 마니스
Soto ayam,소토 아얌
Bakpia,박피아
Kue lapis,쿠에 라피스
Nagasari,나가사리
Nasi kuning,나시 쿠닝
Pandan cake,판단 케이크
Peanut sauce,땅콩 소스
Ayam goreng,아얌 고렝
Bubur ayam,부부르 아얌
Ikan bakar,이칸 바카르
Ketoprak (dish),케토프락
Mie goreng,미고렝
Otak-otak,오탁오탁
Serundeng,스룬뎅
Bika ambon,비카 암본
Dadiah,다디아
Nasi campur,나시 참푸르
Papeda (food),파페다
Serabi,스라비
Sweet soy sauce,케찹 마니스
Corned beef,콘드 비프
Shepherd's pie,셰퍼드 파이
Colcannon,콜캐넌
Brown bread,브라운 브레드
Boxty,박스티
Barmbrack,밤브랙
Blaa,블라
Champ (food),챔프
J&L Grubb,제이앤드엘 그럽
Breakfast roll,브렉퍼스트 롤
Bacon and cabbage,베이컨 앤드 캐비지
Chicken fillet roll,치킨 필레 롤
Goody (food),구디
Jambon,잠봉
Croffle,크로플
Spice bag,스파이스 백
Cidona,시도나
Dubliner Cheese,더블리너 치즈
Imokilly Regato,이모킬리 레가토
Kichel,키헬
Israeli salad,이스라엘 샐러드
Shkedei marak,시케데이 마라크
Bagel toast,베이글 토스트
Jerusalem mixed grill,예루살렘 믹스드 그릴
Tzfatit,츠파티트
Orez Shu'it,오레즈 슈이트
Khubeza patties,후베자 패티
Laffa,라파
Bourekas,부레카스
Cow Chocolate,카우 초콜릿
Pesek Zman,페세크 즈만
Mekupelet,메쿠펠레트
Tortit,토르티트
Ziva (dish),지바
Fatoot samneh,파투트 삼네
Fritas de prasa,프리타스 데 프라사
Cottage cheese,코티지 치즈
Challah,할라
Curry,커리
Ghee,기
Chutney,처트니
Chapati,차파티
Lassi,라시
Fish sauce,어장
Paneer,파니르
Papadam,파파담
Dosa (food),도사
Idli,이들리
Kheer,키르
Puri (food),푸리
Masala chai,마살라 차이
Laddu,라두
Panipuri,파니 푸리
Tandoori chicken,탄두리 치킨
Vindaloo,빈달루
Butter tea,버터차
Korma,코르마
Darjeeling tea,다르질링 홍차
Sambar (dish),삼바르
Rasgulla,라스굴라
Barfi,바르피
Rasam (dish),라삼
Pav bhaji,파브 바지
Idiyappam,이디야팜
Vada pav,바다 파브
Chaat,차트
Modak,모닥
Upma,우프마
Dahi vada,다히 바다
Bebinca,베빙카
Bhatura,바투라
Dal makhani,달 마카니
Dhokla,도클라
Gajar ka halwa,가자르 할와
Khoa,코아
Soan papdi,손 파프디
Aloo tikki,알루 티키
Bhel puri,벨 푸리
Chole bhature,촐레 바투레
Sadya,사디야
Coconut rice,코코넛밥
Medu vada,메두 바다
Mulligatawny,멀리거토니
South Indian parotta,파로타
Achappam,아차팜
Batata vada,바타타 바다
Bonda (snack),본다
Paneer tikka,파니르 티카
Peda,페다
Khash (dish),하시
Lokma,로크마
Dried lime,건라임
Tandoor bread,탄두르빵
Amba (condiment),암바
Samoon,사문
Daheen,다힌
Tepsi baytinijan,텝시 베틴잔
Arook,아루크
Qeema Najafi,키마 나자피
Kahi (food),카히
Ayran,아이란
Sharbat (drink),샤르바트
Falooda,팔루다
Laksa,락사
Samanu,사마누
Muhallebi,무할레비
Joshpara,조슈파라
Bastani,바스타니
Tarhana,타르하나
Rogan josh,로간 조시
Barbari bread,바르바리
Khoresh,호레시
Sangak,산가크
Faloodeh,팔루데
Gaz (candy),가즈
Borani,보라니
Sheermal,시르말
Taftan (bread),타프탄
Tahchin,타친
Mirza ghassemi,미르자 가세미
Hákarl,하우카르들
Þorramatur,소르라마튀르
Vínarterta,비나르테르타
Laufabrauð,뢰이바브뢰이드
Rúgbrauð,루그브뢰이드
Flatkaka,플라트카카
Slátur,슬라우투르
Ábrystir,아우브리스티르
Svið,스비드
Hangikjöt,하운기키외트
Pizza,피자
Spaghetti,스파게티
Mustard (condiment),머스터드
Cappuccino,카푸치노
Mozzarella,모차렐라
Espresso,에스프레소
Macaroni,마카로니
Parmesan,파르미자노 레자노
Salami,살라미
Polenta,폴렌타
Gorgonzola,고르곤졸라
Ricotta,리코타
Caesar salad,시저 샐러드
Mascarpone,마스카르포네
Ravioli,라비올리
Gnocchi,뇨키
Panettone,파네토네
Latte,카페 라테
Focaccia,포카차
Bolognese sauce,라구 볼로녜세
Bruschetta,브루스케타
Carpaccio,카르파초
Sponge cake,스펀지 케이크
Cannoli,칸놀리
Tortellini,토르텔리니
Calzone,칼초네
Pecorino,페코리노
Tomato sauce,토마토 소스
Ciabatta,치아바타
Arancini,아란치니
Gelato,젤라토
Minestrone,미네스트로네
Pancetta,판체타
Burrata,부라타
Ladyfingers (biscuits),사보이아르디
Mortadella,모르타델라
Prosciutto,프로슈토
Caffè macchiato,카페 마키아토
Fettuccine,페투치네
Frittata,프리타타
Ossobuco,오소부코
Penne,펜네
Tagliatelle,탈리아텔레
Breadstick,그리시니
Fusilli,푸실리
Zabaione,자바이오네
Balsamic vinegar,발사믹 식초
Granita,그라니타
Panini (sandwich),파니니
Pandoro,판도로
Cannelloni,칸넬로니
Garlic bread,마늘빵
Neapolitan pizza,나폴리 피자
Farfalle,파르팔레
Linguine,링귀니
Saltimbocca,살팀보카
Amatriciana,아마트리차나
Ice cream cone,아이스크림 콘
Orzo,오르조
Antipasto,안티파스토
Guanciale,관찰레
Caponata,카포나타
Rigatoni,리가토니
Bucatini,부카티니
Jamaican patty,자메이카 패티
Coco bread,코코 브레드
Bammy,바미
Festival (food),페스티벌
Run down,런다운
Bulla cake,불라 케이크
Gizzada,기자다
Hard dough bread,하드 도 브레드
Solomon Gundy,솔로몬 건디
Ting (drink),팅
Grater cake,그레이터 케이크
Peg bread,페그 브레드
Red peas soup,레드 피스 수프
Musakhan,무사칸
Qalayet bandora,칼라예트 반도라
Makmoura,마크무라
Akkawi,아카위
Makdous,마크두스
Mfarakeh,므파라케
Matrix Carbonated Drink,매트릭스
Sashimi,사시미
Miso,미소
Udon,우동
Bento,벤또
Instant noodles,인스턴트 라면
Takoyaki,타코야키
Dashi,다시
Natto,낫토
Soba,소바
Dango,당고
Yakitori,야키토리
Sukiyaki,스키야키
Surimi,수리미
Tonkatsu,돈가스
Red bean paste,팥소
Dorayaki,도라야키
Shabu-shabu,샤부샤부
Taiyaki,타이야키
Daifuku,다이후쿠
Japanese curry,일본 카레
Oden,오뎅
Wagashi,화과자
Anpan,단팥빵
Raindrop cake,물방울떡
Omurice,오므라이스
Donburi,돈부리
Sencha,센차
Edamame,에다마메
Katsuobushi,가쓰오부시
Osechi,오세치
Tamagoyaki,다마고야키
Teppanyaki,데판야키
Yakisoba,야키소바
Yōkan,양갱
Castella,카스텔라
Kamaboko,가마보코
Katsudon,가쓰동
Manjū,만주
Melonpan,멜론빵
Crab stick,게맛살
Karaage,가라아게
Oyakodon,오야코동
Furikake,후리카케
Gyūdon,규동
Kinako,기나코
Konpeitō,곤페이토
Shiruko,시루코
Yakiniku,야키니쿠
Nyama choma,냐마 초마
Githeri,기테리
Mutura,무투라
Sukuma wiki,수쿠마 위키
River reed salt,리버 리드 소금
Kumis,쿠미스
Dimlama,딤라마
Naryn (dish),나린
Nauryz kozhe,나우르즈 코제
Orama (dish),오로모
Chalap,찰라프
Qarta,카르타
Prahok,프라혹
Kroeung,끄르엉
Kampot pepper,캄폿 후추
Kuyteav,꾸이띠어우
Num banhchok,놈반쩍
Samlor machu,삼로 마쭈
Num ansom,놈안섬
Happy pizza,해피 피자
Num pang,놈빵
Samlar kako,삼로 까꼬
Saraman curry,사라만 카레
Pleah sach ko,플리어 삿 꼬
Prahok ktis,프라혹 크티스
Aluek trei ngeat,알록 뜨러이 응잇
Mondulkiri wild honey,몬둘끼리 야생꿀
Num akor,놈아꼬
Naengmyeon,냉면
Pyeonsu,편수
Injo-gogi-bap,인조고기밥
Paensae,밴새
Bosintang,보신탕
Sungeo-guk,숭어국
Budae-jjigae,부대찌개
Corn tea,옥수수차
Korean fried chicken,치킨
Dak-galbi,닭갈비
Jjamppong,짬뽕
Chimaek,치맥
Buldak,불닭
Andong jjimdak,안동찜닭
Dak-kkochi,닭꼬치
Gyeran-ppang,계란빵
Rabokki,라볶이
Tornado potato,회오리감자
Hodu-gwaja,호두과자
Mak-guksu,막국수
Milmyeon,밀면
Ramyeon,라면
10 won bread,10원빵
Kkul-tarae,꿀타래
Padak,파닭
Corn cheese,콘치즈
Dak-hanmari,닭한마리
Jjapaguri,짜파구리
Jjolmyeon,쫄면
Kkulppang,꿀빵
Chalbori-ppang,찰보리빵
Dwaeji-gukbap,돼지국밥
Gogi-guksu,고기국수
So-tteok-so-tteok,소떡소떡
Yeolmu-kimchi,열무김치
Dak-ttongjip,닭똥집
Dongaseu,돈가스
Jang-jorim,장조림
Jat-guksu,잣국수
Jungguk-naengmyeon,중국냉면
Tongdak,통닭
Delimanjoo,델리만쥬
Gilgeori toast,길거리 토스트
Kkochi,꼬치
Ttongppang,똥빵
Green tea,녹차
Sesame oil,참기름
Gimbap,김밥
Kuwaiti tea,쿠웨이트 차
Mutabbaq samak,무타바크 사마크
Shelpek,셸페크
Shalgam,샬감
Qazı,카즈
Kimay,키마이
Jeow bong,째우 봉
Koi (dish),꼬이
Kai yang,삥까이
Kaipen,까이펜
Nam khao,남카오
Padaek,빠 댁
Khao poon,카우 뿐
Miang kham,미앙캄
Or lam,오 람
Khao piak sen,카우 삐억 센
Hmong sausage,몽족 소시지
Khao soi,카오소이
Nam tok (food),남똑
Fatayer,파타예르
Sfouf,스푸프
Balila (dish),발릴라
Batata harra,바타타 하라
Layali lubnan,라얄리 루브난
Appam,아팜
Puttu,푸투
Ceylon tea,실론티
Kiribath,키리바트
Watalappam,와탈라팜
Kalu dodol,칼루 도돌
Kevum,케움
Aluwa,알루와
Lamprais,람프라이스
Mallung,말룽
Bibikkan,비비칸
Chocolate biscuit pudding,초콜릿 비스킷 푸딩
Diyabath,디야바트
Malu mirisata,말루 미리사타
Skilandis,스킬란디스
Kugelis,쿠겔리스
Kūčiukai,쿠추카이
Apple cheese,사과 치즈
Juka (soup),유카
Tinginys,팅기니스
Kibinai,키비나이
Poppy milk,양귀비씨 우유
Rejuvelac,레주벨락
Bouneschlupp,부네슐루프
Pepernoot,페퍼노트
Judd mat Gaardebounen,유드 마트 가르데보우넨
Kruidnoten,크라위드노턴
Mixed spice,믹스드 스파이스
Träipen,트레이펜
Quetschentaart,크베첸타르트
Éisleker Ham,에이슬레커 햄
Jāņi cheese,야니 치즈
Alexandertorte,알렉산더토르테
Sklandrausis,스클란드라우시스
Rupjmaize,루프마이제
Layered rye bread,루프마이제스 카르토유므스
Speķrauši,스페크라우시
Rucava white butter,루차바 흰 버터
Meatball soup,미트볼 수프
Pantāga,판타가
Usban,우스반
Mafrum,마프룸
Libyan tea,리비아 차
Bsisa,브시사
Pilpelchuma,필펠추마
Briouat,브리와트
Smen,스멘
Sellou,셀루
Mrouzia,므루지아
Rfissa,르피사
Taktouka,탁투카
Ahriche,아흐리시
Qrashel,크라셸
Tfaya,트파야
Zaazaa,자자
Mămăligă,머멀리거
Cozonac,코조나크
Alivenci,알리벤치
Borș (bran),보르시
Sfințișori,스핀치쇼리
Salată de boeuf,살라타 데 뵈프
Pârjoale,프르조알러
Sana (dairy product),사나
Njeguški pršut,녜구시 프르슈트
Koba (sweet),코바
Lasary,라사리
Mofo gasy,무푸 가시
Ravitoto,라비투투
Lyutenitsa,류테니차
Tavče gravče,타프체 그라프체
Pindjur,핀주르
Pastrmajlija,파스트르마일리야
Makalo,마칼로
Malidzano,말리자노
Selsko meso,셀스코 메소
Gazoza,가조자
Cironka,치론카
Taguella,타겔라
Ngome (bread),은고메
Lahpet,라페
Nam ngiao,남응이아우
Burmese tofu,버마 두부
Ohn no khao swè,온 노 카웃스웨
Nan gyi thoke,난지 톳
Burmese milk tea,미얀마 밀크티
Khauk swè thoke,카웃스웨 톳
Khow suey,카우사
Mont di,몬 디
Burmese salads,아톳
Kyay oh,쩨 오
Sigyet khauk swè,시젯 카웃스웨
Htamanè,타마네
Kat kyi kaik,깟찌깃
Meeshay,미셰
Pon ye gyi,뽄예지
Mont lone yay baw,몬론예보
Pathein halawa,파테인 할라와
Burmese fried rice,미얀마 볶음밥
Buuz,부즈
Suutei tsai,수테 차이
Tsuivan,초이왕
Boodog,보도그
Ul boov,울 보우
Bansh,반시
Khorkhog,호르호그
Borts,보르츠
Ftira,프티라
Maltese bread,몰타 빵
Kusksu,쿠스쿠
Stuffat tal-Fenek,스투파트 탈페네크
Bigilla,비질라
Imqaret,임아레트
Rabbit stew,토끼 스튜
Kawlata,카울라타
Prinjolata,프린욜라타
Rougaille,루가유
Baozi,바오쯔
Chinese red eggs,붉은 달걀
Maldives fish,몰디브 피시
Garudhiya,가루디야
Mas riha,마스 리하
Gulha,굴라
Maskurolhi,마스쿠롤리
Miruhulee boava,미루훌리 보아바
Rihaakuru,리허쿠루
Kandu kukulhu,칸두 쿠쿨루
Usipa,우시파
Thobwa,토브와
Kondowole,콘도월레
Burrito,부리토
Nachos,나초
Chili con carne,칠리 콘 카르네
Quesadilla,케사디야
Enchilada,엔칠라다
Salsa (food),살사
Fajita,파히타
Pico de gallo,피코 데 가요
Wrap (food),랩
Chipotle,치포틀레
Tortilla chips,토르티야 칩
Atole,아톨레
Chimichanga,치미창가
Monterey Jack,몬터레이 잭
Tostada (tortilla),토스타다
Pan de muerto,판 데 무에르토
Refried beans,프리홀레스 레프리토스
Birria,비리아
Chile con queso,칠레 콘 케소
Huevos rancheros,우에보스 란체로스
Masa,마사
Oaxaca cheese,오아하카 치즈
Al pastor,알 파스토르
Menudo (Mexican soup),메누도
Taquito,타키토
Calavera,칼라베라
Esquites,에스키테스
Tlayuda,틀라유다
Carnitas,카르니타스
Chalupa,찰루파
Champurrado,참푸라도
Salsa verde,살사 베르데
Sope (food),소페
Chamoy (sauce),차모이
Concha,콘차
Flour tortilla,밀 토르티야
Mexican rice,멕시칸 라이스
Ketupat,크투팟
Bak kut teh,바쿠테
Hokkien mee,호키엔 미
Teh tarik,테 타릭
Ais kacang,아이스 카창
Batik cake,바틱 케이크
Bubur cha cha,부부르 차차
Nasi kerabu,나시 케라부
Curry mee,커리 미
Roti jala,로티 잘라
Roti tissue,로티 티슈
Ayam masak merah,아얌 마삭 메라
Bahulu,바훌루
Jemput-jemput,젬풋젬풋
Kue cucur,쿠에 추추르
Nasi goreng pattaya,나시 고렝 파타야
Sarawak layer cake,사라왁 레이어 케이크
Budu (sauce),부두
Lekor,레코르
Lor mee,로미
Hinava,히나바
Lok-lok,록록
Peanut curry,카릴 드 아멘도잉
Garri,가리
Moin moin,모잉모잉
Eba,에바
Afang soup,아팡 수프
Kuli-kuli,쿨리쿨리
Palm nut soup,팜너트 수프
Suya,수야
Kilishi,킬리시
Chin chin,친친
Amala (food),아말라
Ekuru,에쿠루
Ogbono soup,오그보노 수프
Boli (plantain),볼리
Ewa aganyin,에와 아간인
Frejon,프레존
Isi ewu,이시 에우
Okpa,오크파
Abacha (food),아바차
Abula (soup),아불라
Alkaki,알카키
Draw soup,드로 수프
Echicha,에치차
Edikang ikong,에디캉 이콩
Egbo (food),에그보
Funkaso,푼카소
Fura (food),푸라
Kokoro (snack food),코코로
Nacatamal,나카타말
Güirila,귀릴라
Vaho,바오
Pio Quinto,피오 킨토
Kola Shaler,콜라 샬레르
Arroz a la valenciana,아로스 아 라 발렌시아나
Vigorón,비고론
Gouda cheese,고다 치즈
Maasdam cheese,마스담 치즈
Bitterballen,비터발른
Poffertjes,포퍼처스
Vla,플라
Kapsalon,캅살론
Hutspot,휘츠폿
Tompouce,톰푸스
Leerdammer,레이르다머
Leyden cheese,레이던 치즈
Stamppot,스탐포트
Hachee,하셰
Rijsttafel,레이스타펄
Frikandel,프리칸델
Rookworst,로크보르스트
Dandelion coffee,민들레차
Grünkohlessen,그륀콜에센
Tiger bread,타이거 브레드
Kibbeling,키벨링
Zeeuwse bolus,제우서 볼루스
Balkenbrij,발컨브레이
Bossche bol,보스 볼
Jodenkoek,요던쿡
Moorkop,모르코프
Lutefisk,루테피스크
Brunost,브루노스트
Krumkake,크룸카케
Gamalost,가말로스트
Lefse,레프세
Rakfisk,라크피스크
Smalahove,스말라호베
Flatbrød,플라트브뢰드
Sautéed reindeer,핀비프
Rømmegrøt,뢰메그뢰트
Raspeball,라스페볼
Smultring,스물트링
Pultost,풀토스트
School bread,스쿨레브뢰드
Fløtemysost,플뢰테뮈스오스트
Goro (biscuit),고로
Fenalår,페날로르
Herring salad,청어 샐러드
Snøfrisk,스뇌프리스크
Espresso and tonic,에스프레소 토닉
Gomme (food),곰메
Garam masala,가람 마살라
Chhurpi,추르피
Yak butter,야크 버터
Thekua,테쿠아
Kinema,키네마
Dhindo,딘도
Mimosa Sugar Balls,미모사 슈거 볼
Sekuwa,세쿠와
Sinki (food),신키
Chataamari,차타마리
Lakhamari,라카마리
Pavlova,파블로바
Flat white,플랫 화이트
Mānuka honey,마누카 꿀
Afghan (biscuit),아프간 비스킷
Meat pie (Australia and New Zealand),미트 파이
Hokey pokey (ice cream),호키 포키
Cheese roll,치즈 롤
Colonial goose,콜로니얼 구스
Lolly cake,롤리 케이크
Rēwena bread,레웨나 빵
Chocolate fish,초콜릿 피시
Vanilla slice,바닐라 슬라이스
Foxton Fizz,폭스턴 피즈
Goody Goody Gum Drops,구디 구디 검 드롭스
Jelly slice,젤리 슬라이스
Kiwi onion dip,키위 어니언 딥
Louise cake,루이즈 케이크
Khaliat nahl,칼리아트 나흘
Znoud el-sit,즈누드 엘시트
Chicheme,치체메
Ají (sauce),아히
Picarones,피카론
Carapulcra,카라풀크라
Chicha morada,치차 모라다
Chorrillana,초리야나
Causa limeña,카우사 리메냐
Kola Real,콜라 레알
Ocopa,오코파
Pollo a la brasa,포요 아 라 브라사
Aguadito de pollo,아과디토 데 포요
Arroz chaufa,아로스 차우파
Teja (confectionery),테하
Tiradito,티라디토
Olluquito,오유키토
Banana ketchup,바나나 케첩
Nata de coco,나타 데 코코
Pandesal,판데살
Puto (food),푸토
Sisig,시시그
Afritada,아프리타다
Bagoong,바구옹
Champorado,참포라도
Dinuguan,디누구안
Siopao,시오파오
Taho,타호
Turon (food),투론
Biko (food),비코
Espasol,에스파솔
Kaldereta,칼데레타
Pinakbet,피낙벳
Ube cake,우베 케이크
Ube halaya,우베 할라야
Batchoy,바초이
Buko pie,부코 파이
Suman (food),수만
Arroz caldo,아로스 칼도
Bopis,보피스
Filipino spaghetti,필리핀식 스파게티
Hamonado,하모나도
Mechado,메차도
Sinangag,시낭각
Tinola,티놀라
Bicol express,비콜 익스프레스
Ginataan,기나타안
Mango float,망고 플로트
Otap (food),오탑
Tubâ,투바
Twisted doughnut,꽈배기 도넛
Yema (candy),예마
Baye baye,바예바예
Crispy pata,크리스피 파타
Pakora,파코라
Gulab jamun,굴랍자문
Himalayan salt,히말라야 소금
Chicken tikka,치킨 티카
Kulcha,쿨차
Sarson ka saag,사르손 카 사그
Chapli kebab,차플리 케밥
Rabri,라브리
Chicken lollipop,치킨 롤리팝
Aloo gosht,알루 고슈트
Pakola,파콜라
Amrat Cola,암라트 콜라
Bun kebab,번 케밥
Mukhwas,무크와스
Sindhi biryani,신디 비리야니
Bhalla (food),발라
Curry powder,커리가루
Ras malai,라스말라이
Hyderabadi biryani,하이데라바드 비리야니
Rooh Afza,루아프자
Chaat masala,차트 마살라
Kala namak,칼라 나막
Shami kebab,샤미 케밥
Bagel,베이글
Weißwurst,바이스부르스트
Zapiekanka,자피에칸카
Uszka,우슈카
Oscypek,오스치페크
Czernina,체르니나
Kabanos,카바노스
Krówki,크루프키
Ptasie mleczko,프타시에 믈레치코
Mizeria,미제리아
Christmas wafer,오플라테크
Lazanki,라잔키
Rugelach,루겔라흐
Kopytka,코피트카
Napoleonka,나폴레온카
Obwarzanek krakowski,오브바자네크 크라코프스키
Bialy (bread),비알리
Krupnik (soup),크루프니크
Mazurek (cake),마주레크
Marmalade,마멀레이드
Chorizo,초리소
Quince cheese,마르멜루 젤리
Francesinha,프란세지냐
Caldo verde,칼두 베르드
São Jorge cheese,상조르즈 치즈
Galão,갈랑
Chocolate salami,초콜릿 살라미
Serra da Estrela cheese,세하다이스트렐라 치즈
Fios de ovos,피우스 드 오부스
Ovos moles,오부스 몰르스
Bacalhau à Brás,바칼랴우 아 브라스
Alheira,알례이라
Caldeirada,칼데이라다
Malassada,말라사다
Bolo de mel,볼루 드 멜
Folar,폴라르
Açorda,아소르다
Filhó,필료
Bica (coffee),비카
Cabidela,카비델라
Carne de porco à alentejana,카르느 드 포르쿠 아 알렌테자나
Queijo de Azeitão,아제이탕 치즈
Queijo de Nisa,니자 치즈
Bacalhau,바칼랴우
Bolo do caco,볼루 두 카쿠
Castelo Branco cheese,카스텔루브랑쿠 치즈
Linguiça,링구이사
Tereré,테레레
Mbeju,음베주
Kosereva,코세레바
Paraguay cheese,파라과이 치즈
Vori vori,보리보리
Piracaldo,피라칼도
Ka'í Ladrillo,카이 라드리요
Soyo (Paraguay),소요
Kamby arro,캄비 아로
Sopa paraguaya,소파 파라과야
Pâté,파테
Pastrami,파스트라미
Mititei,미티테이
Telemea,텔레메아
Plăcintă,플러친터
Urda (cheese),우르더
Papanași,파파나시
Amandine (dessert),아망딘
Socată,소카터
Tochitură,토키투러
Brânză de burduf,브런저 데 부르두프
Drob,드로브
Fasole cu cârnați,파솔레 쿠 커르나치
Magiun of Topoloveni,토폴로베니 마지운
Năsal cheese,너살 치즈
Sibiu Salami,시비우 살라미
Ciorbă de perișoare,치오르버 데 페리쇼아레
Covrigi,코브리기
Joffre cake,조프르 케이크
Slatko,슬라트코
Karađorđeva šnicla,카라조르제바 슈니츨라
Česnica,체스니차
Pasulj,파술
Bundevara,분데바라
Mućkalica,무치칼리차
Urnebes,우르네베스
Ražnjići,라주니치
Pule cheese,풀레 치즈
Serbian salad,세르비아 샐러드
Barberton chicken,바버턴 치킨
Negro (candy),네그로
Olivier salad,올리비에 샐러드
Smetana (dairy product),스메타나
Beef Stroganoff,비프 스트로가노프
Okroshka,오크로시카
Ukha,우하
Kompot,콤포트
Kulich (bread),쿨리치
Vinegret,비네그레트
Pirog,피로그
Rassolnik,라솔니크
Tvorog,트보로크
Stroganina,스트로가니나
Vatrushka,바트루시카
Zakuski,자쿠스키
Medovik,메도비크
Paskha,파스하
Zefir (food),제피르
Baked milk,토플료노예 몰로코
Borodinsky bread,보로딘스키 빵
Kurnik (pirog),쿠르니크
Chrain,흐렌
Sushki,수시키
Hininy,히니니
Sobia,소비아
Tirit,티리트
Kawal (food),카왈
Domiati,도미아티
Karkadeh,카르카데
Cinnamon roll,시나몬 롤
Surströmming,수르스트뢰밍
Crispbread,크네케브뢰드
Jansson's temptation,얀손의 유혹
Ostkaka,오스트카카
Princess cake,프린세스 케이크
Falukorv,팔루코르브
Kladdkaka,클라드카카
Flying Jacob,플라잉 야코브
Kroppkaka,크롭카카
Rose hip soup,로즈힙 수프
Tunnbröd,툰브뢰드
Rosette (fritter),로세트
Västerbotten cheese,베스테르보텐 치즈
Hasselback potatoes,하셀백 포테이토
Spettekaka,스페테카카
Blåbärssoppa,블로베르스소파
Christmas ham,크리스마스 햄
Herrgårdsost,헤르고르소스트
Palt,팔트
Cardamom bread,카르다몸 빵
Grevé,그레베 치즈
Limpa,림파
Polkagris,폴카그리스
Chilli crab,칠리 크랩
Ginger tea,생강차
Kaya toast,카야 토스트
Kuih,쿠이
Bandung (drink),반둥
Banmian,반몐
Fish head curry,피시 헤드 커리
Roti john,로티 존
Black pepper crab,블랙 페퍼 크랩
Duck rice,덕라이스
Har cheong gai,하청가이
Putu piring,푸투 피링
Katong laksa,카통 락사
Hainanese curry rice,하이난 카레라이스
Sliced fish soup,슬라이스 피시 수프
Fish soup bee hoon,피시 수프 비훈
Prekmurska gibanica,프레크무르스카 기바니차
Carniolan sausage,크란스카 소시지
Idrijski žlikrofi,이드리스키 즐리크로피
Potica,포티차
Štruklji,슈트루클리
Fusi (pasta),푸지
Ajdovi žganci,아이도비 즈간치
Ritschert,리체르트
Ajdov Kruh,아이도브 크루흐
Obara (stew),오바라
Belokranjska povitica,벨로크란스카 포비티차
Funšterc,푼슈테르츠
Vrtanek,브르타네크
Močnik,모치니크
Liptauer,립타우어
Lokša,로크샤
Parenica,파레니차
Korbáčik,코르바치크
Oštiepok,오슈티에포크
Strapačky,스트라파치키
Šúľance,슐란체
Opekanec,오페카네츠
Balkánský sýr,발칸 치즈
Žinčica,진치차
Chlebíček,흘레비체크
Ryžový nákyp,리조비 나키프
Yassa (food),야사
Dibi (food),디비
Tapalapa (bread),타팔라파
Domoda,도모다
Thiere,티에레
Caldou,칼두
Café Touba,카페 투바
Chakery,차크리
Soupe kandia,수프 칸디아
Bariis iskukaris,바리스 이스쿠카리스
Maraq (dish),마라크
Sabaayad,사바야드
Pholourie,폴로리
Pom (dish),폼
Curtido,쿠르티도
Sopa de pata,소파 데 파타
Gallo en chicha,가요 엔 치차
Quesadilla Salvadoreña,케사디야 살바도레냐
Galaktoboureko,갈락토부레코
Muhammara,무함마라
Shanklish,샹클리시
Qamar al-din,카마르 알딘
Halawet el jibn,할라웨트 엘 지븐
Barazek,바라제크
Shʿifurah,시이푸라
Bajjaria,바자리아
Sayadieh,사야디예
Malfouf salad,말푸프 샐러드
White coffee,화이트 커피
Tom kha kai,똠 카 까이
Nam phrik,남 프릭
Red curry,레드 커리
Black Ivory Coffee,블랙 아이보리 커피
Mu kratha,무까타
Thai curry,깽
Stir-fried ice cream,철판 아이스크림
Yellow curry,옐로 커리
Drunken noodles,팟 키마오
Naem (food),냄
Phanaeng,파냉 커리
American fried rice,카오 팟 아메리깐
Kaeng som,깽 솜
Pad see ew,팟 씨유
Khao kha mu,카오 카 무
Nam chim,남찜
Pla ra,쁠라라
Pumpkin-coconut custard,상카야 팍통
Tom yum kung,똠 얌 꿍
Kaeng pa,깽 빠
Khanom bueang,카놈 브앙
Khanom chan,카놈 찬
Luk chup,룩춥
Tandyr nan,탄드르 난
Bichak,비차크
Shakarap,샤카랍
Mastava,마스타바
Kadu bouranee,카두 부라니
Qaraqorut,카라쿠루트
Chal,찰
Aushak,아샤크
Chekdirme,체크디르메
Shakshouka,샥슈카
Harissa,하리사
Mechouia salad,슬라타 므슈위야
Lablabi,라블라비
Fricasse,프리카세
Bambalouni,밤발로니
Assidat zgougou,아시다트 즈구구
Msoki,므소키
Kabkabou,카브카부
Tabouna bread,타부나 빵
Ummak huriyya,움마크 후리야
Tea with pine nuts,잣 차
Blunkett salad,블렁킷 샐러드
Qâlat daqqa,칼랏 다카
Meze,메제
Sujuk,수주크
Dondurma,돈두르마
Pastirma,파스트르마
İmam bayıldı,이맘 바이을드
Ghivetch,귀베치
Keşkek,케슈케크
Gözleme,괴즐레메
Nettle soup,쐐기풀 수프
Dürüm,뒤륌
Kısır,크스르
Adana kebabı,아다나 케밥
Taboon bread,타분 빵
Kačamak,카차마크
Shish taouk,시시 타우크
Çiğ köfte,치으 쾨프테
Tavukgöğsü,타북괴쉬쥐
Karnıyarık,카르느야르크
Kazandibi,카잔디비
Kesme,케스메
Kurdish coffee,쿠르드 커피
Çoban salatası,초반 살라타스
Çılbır,츨브르
Şalgam,샬감
Bazlama,바즐라마
Popara,포파라
Stuffed squash,속을 채운 호박
Yahni,야흐니
Yufka,유프카
Güllaç,귈라치
Kalburabastı,칼부라바스트
Arnavut ciğeri,아르나부트 지에리
Beyaz peynir,베야즈 페이니르
Aloo pie,알루 파이
Roti (wrap),로티
Bake and shark,베이크 앤드 샤크
Buljol,불졸
Pelau,펠라우
Peanut punch,피넛 펀치
Geera pork,지라 포크
Saheena,사히나
Bubble tea,버블티
Mooncake,월병
Stinky tofu,취두부
Pineapple cake,펑리수
General Tso's chicken,제너럴 쏘 치킨
Oyster omelette,오아젠
Suncake (Taiwan),타이양빙
Bah-uân,바완
Ló͘-bah-pn̄g,루러우판
Small sausage in large sausage,다창바오샤오창
Oyster vermicelli,오아미쑤아
Tàⁿ-á-mī,단짜이몐
Braised pork rice,쿵러우판
Mongolian beef,몽골리언 비프
Ageh (food),아게이
Dong Ding tea,동정 우롱차
Mongolian barbecue,몽골리안 바비큐
Taiwanese fried chicken,셴쑤지
Chiayi turkey rice,훠지러우판
Taiwanese tea,대만의 차
Chháu-á-kóe,차우아궤
Danbing,단빙
Moon shrimp cake,웨량샤빙
Shuangbaotai,솽바오타이
Chipsi mayai,칩시 마야이
Mtori,음토리
Ming'oko,밍오코
Custard,커스터드
Varenyky,바레니키
Kissel,키셀
Kyiv cake,키이우 케이크
Syrniki,시르니키
Halušky,할루슈키
Pampushka,팜푸시카
Paska (bread),파스카
Palianytsia,팔랴니차
Bublik,부블리크
Knish,크니시
Banosh,바노시
Yavoriv pie,야보리우 파이
Medivnyk,메디우니크
Hrechanyky,흐레차니키
Zozulia (food),조줄랴
Chocolate salo,초콜릿 살로
Matoke,마토케
Katogo (food),카토고
Kikomando,키코만도
Dek Ngor,데크 응고르
Malewa,말레와
Mugoyo,무고요
Firinda,피린다
Luwombo,루옴보
Empogola,엠포골라
Eshabwe,에샤브웨
Pancake,팬케이크
Marshmallow,마시멜로
Muffin,머핀
Cupcake,컵케이크
Banana bread,바나나빵
Cheeseburger,치즈버거
Corn flakes,콘플레이크
Ice pop,아이스바
Tomato juice,토마토 주스
Banana split,바나나 스플릿
Fortune cookie,포춘 쿠키
Fudge,퍼지
Cream cheese,크림 치즈
Onion ring,어니언 링
Pepperoni,페퍼로니
Waldorf salad,월도프 샐러드
Eggs Benedict,에그 베네딕트
Sundae,선데
Corn dog,콘도그
Cornbread,콘브레드
Red velvet cake,레드 벨벳 케이크
Baked Alaska,베이크트 알래스카
Pumpkin pie,호박 파이
S'more,스모어
Fried ice cream,아이스크림 튀김
Club sandwich,클럽 샌드위치
BLT,BLT 샌드위치
California roll,캘리포니아 롤
Chocolate chip cookie,초콜릿 칩 쿠키
Chowder,차우더
Loco moco,로코모코
Thousand Island dressing,사우전드 아일랜드 드레싱
Angel food cake,엔젤 푸드 케이크
Hash browns,해시 브라운
Candy apple,캔디 애플
Chocolate chip,초콜릿 칩
Jelly bean,젤리빈
Key lime pie,키라임 파이
Alaskan ice cream,아쿠탁
American cheese,아메리칸 치즈
Deep-dish pizza,딥디시 피자
Peanut butter and jelly sandwich,피넛버터 젤리 샌드위치
Cobb salad,코브 샐러드
Military chocolate (United States),미군 초콜릿
Cheesesteak,치즈스테이크
Ranch dressing,랜치 드레싱
Sloppy joe,슬로피 조
Blueberry pie,블루베리 파이
Chiffon cake,시폰 케이크
New York–style pizza,뉴욕 피자
Smörgåstårta,스머르고스토르타
Twinkie,트윙키
Bananas Foster,바나나 포스터
Bundt cake,번트 케이크
Frybread,프라이브레드
Pecan pie,피칸 파이
Po' boy,포보이
Pulled pork,풀드 포크
Spaghetti and meatballs,미트볼 스파게티
Banana pudding,바나나 푸딩
Cake pop,케이크 팝
Cronut,크로넛
Reuben sandwich,루벤 샌드위치
Turducken,터더킨
Boston cream pie,보스턴 크림 파이
Cobbler (food),코블러
Crab cake,크랩 케이크
Mate (drink),마테
Caruso sauce,살사 카루소
Pastafrola,파스타프롤라
Chajá,차하
Submarino (drink),수브마리노
Colonia cheese,콜로니아 치즈
Pamplona (dish),팜플로나
Matambre,마탐브레
Dulce de batata,둘세 데 바타타
Kakinada Kaja,카키나다 카자
Samarkand non,사마르칸트 논
Juweri gurtik,주웨리 구르티크
Uzbek plov,우즈베크 플로프
Hallaca,아야카
Cachapa,카차파
Pabellón criollo,파베욘 크리오요
Tequeño,테케뇨
Mandoca,만도카
Papelón con limón,파펠론 콘 리몬
Cachito,카치토
Perico (food),페리코
Pan de jamón,판 데 하몬
Vietnamese iced coffee,까페 스어 다
Bún bò Huế,분 보 후에
Egg roll,에그 롤
Chả giò,짜 조
Bánh chưng,바인 쯩
Bánh cuốn,바인 꾸온
Bánh tráng,바인 짱
Nước chấm,느억 쩜
Mì Quảng,미꽝
Bánh bao,바인 바오
Canh chua,까인 쭈어
Cao lầu,까오 러우
Chạo tôm,짜오 똠
Tiết canh,띠엣 까인
Bánh,바인
Bánh tét,바인 뗏
Bún riêu,분 리에우
Chè,째
Coconut candy,깨오 즈어
Xôi,쏘이
Bánh canh,바인 까인
Cơm rượu,껌 즈어우
Bánh bò,바인 보
Bánh chuối,바인 쭈오이
Poi (dessert),포이
Coffee,커피
Murtabak,무르타박
Zhug,주그
Mandi (food),만디
Hawaij,하와이지
Jachnun,자흐눈
Malawach,말라와흐
Qishr,키시르
Kubaneh,쿠바네
Fahsa,파흐사
Fatoot,파투트
Bint al-sahn,빈트 앗사흔
Vetkoek,페트쿡
Melktert,멜크테르트
Potjiekos,포이키코스
Koeksister,쿠크시스터
Sosatie,수사티
Gatsby (sandwich),개츠비
Hertzoggie,헤르초히
Potbrood,폿브로트
Samp,삼프
Umngqusho,움꾸쇼
Dombolo,돔볼로
Mala mogodu,말라 모고두
Mosbolletjies,모스볼레치스
Chikanda,치칸다
Ifisashi,이피사시
Delele,델렐레
Khashlama,하슐라마
Choc-top,촉톱
Koah-pau,과바오
Sweetheart cake,라오포빙
Gummy candy,구미 젤리
Harzer,하르처 치즈
Bataw (bread),바타우
Aura cheese,아우라 치즈
Wensleydale cheese,웬즐리데일 치즈
Banbury cake,밴버리 케이크
Paprenjak,파프레냐크
Bubur kacang hijau,부부르 카창 히자우
Hamantash,하만타셴
Charoset,하로셋
Khubz al-ʾAbbas,후브즈 알아바스
Advieh,아드비에
Aadun,아둔
Muisjes,마위스여스
Suikerbrood,사위커르브로트
Hopje,호피어
Roze koek,로제 쿠크
Metworst,메트보르스트
Ossenworst,오선보르스트
Poffert,포퍼르트
Slavink,슬라빙크
Suspiro de limeña,수스피로 데 리메냐
Saramură,사라무러
Pudingový koláč,푸딩고비 콜라치
Cherry kebab,체리 케밥
Qarymutah,카리무타
Cezerye,제제리예
Hünkârbeğendi,휭캬르베엔디
Eish merahrah,에이시 메라흐라
Eetch,에치
Cong you bing,충유빙
Har gow,하가우
Laziji,라쯔지
Mett,메트
Helado de paila,엘라도 데 파일라
Remoulade,레물라드
Rum baba,바바 오 럼
Vol-au-vent,볼오방
Cholent,촐런트
Bacon sandwich,베이컨 샌드위치
Teacake,티케이크
Bread and butter pudding,브레드 앤드 버터 푸딩
Teh talua,테 탈루아
Pongal (dish),퐁갈
Puran poli,푸란 폴리
Provolone,프로볼로네
Bicerin,비체린
Cacio e pepe,카초 에 페페
Caciocavallo,카초카발로
Fettuccine Alfredo,페투치네 알프레도
Kaiseki,가이세키
Mochi ice cream,모찌 아이스크림
Sopa de lima,소파 데 리마
Totopo,토토포
Devil's food cake,데빌스 푸드 케이크
Grits,그리츠
Submarine sandwich,서브머린 샌드위치
Succotash,서코태시
Cioppino,초피노
Coffee milk,커피 우유
Bánh hỏi,바인 호이
Zuger Kirschtorte,추거 키르슈토르테
Milcao,밀카오
Eish fino,에이시 피노
Aloo paratha,알루 파라타
Bay sach chruk,바이 삿 즈룩
Bolillo,볼리요
Boerenkaas,부런카스
Baji (food),바지
Slavski kolač,슬라브스키 콜라치
Kavurma,카부르마
Yangzhou fried rice,양저우 볶음밥
Comté cheese,콩테 치즈
Chelsea bun,첼시 번
Kolak (food),콜락
Fontina,폰티나
Nabemono,나베모노
Ginanggang,기낭강
Cranberry sauce,크랜베리 소스
Haneeth,하니드
Petit four,프티 푸르
Alani (dried fruit),알라니
Bagharj,바가르지
Zhingyalov hats,진갈로브 하츠
Spas (soup),스파스
Tjvjik (food),티브지크
Topik,토피크
Mikado cake,미카도 케이크
Arganak,아르가나크
Argentine cheese,아르헨티나 치즈
Cremoso cheese,크레모소 치즈
Imperial ruso,임페리알 루소
Argentine beef,아르헨티나 소고기
Cremona (bread),크레모나
Niño envuelto,니뇨 엔부엘토
Patay (cake),파타이
Pollo al disco,포요 알 디스코
Bondiola sandwich,본디올라 샌드위치
Kartoffelkäse,카르토펠케제
Neapolitan wafer,나폴리 웨이퍼
Schaumrolle,샤움롤레
Egg puffs and soup pearls,수프 진주
Knieküchle,크니퀴흘레
Milk-cream strudel,우유 크림 슈트루델
Mohnnudel,몬누델
Dim sim,딤심
Flake (fish),플레이크
Fruit Tingles,프루트 팅글스
Patties pie,패티스 파이
Steak sandwich (Australia),스테이크 샌드위치
Toobs,투브스
Wagon Wheels,왜건 휠스
Seven-color tea,칠색차
Handesh,한데시
Shahi jilapi,샤히 질라피
Chhanamukhi,차나무키
Hutki shira,후트키 시라
Nunor Bora,누노르 보라
Bornir Dhuchnir Doi,보르니르 두치니르 도이
Brussels cheese,브뤼셀 치즈
Merveilleux (dessert),메르베유
Potjevleesch,포체플레스
Remoudou,르무두
Antwerp hands,안트베르펜 손 쿠키
Dagobert (sandwich),다고베르
Boûkète,부케트
Algérienne sauce,알제리엔 소스
Cookie butter,쿠키 버터
Filet américain,필레 아메리캥
Elenski but,엘렌스키 부트
Biscuit cake,비스킷 케이크
Cherni Vit cheese,체르니 비트 치즈
Lyutika,류티카
Kyopolou,쿄폴루
Llajua,야후아
Trancapecho,트랑카페초
Queijo de colônia,케이주 지 콜로니아
Cajuzinho,카주지뉴
Virado,비라두
Passion fruit mousse,패션프루트 무스
Pão francês,팡 프랑세스
Tareco,타레쿠
Grands-pères,그랑페르
Montreal hot dog,몬트리올 핫도그
Pied-De-Vent,피에드방
Poutchine au sac,푸친 오 사크
Rappie pie,래피 파이
Bleu d'Élizabeth,블뢰 델리자베트
Canadian cheese,캐나다 치즈
Dutchie (doughnut),더치 도넛
Friulano (cheese),프리울라노 치즈
Indian ice cream (Canada),인디언 아이스크림
Jiggs dinner,직스 디너
Le Riopelle de l'Isle,르 리오펠 드 릴
Capuns,카푼스
Tirggel,티르겔
Zürcher Geschnetzeltes,취르허 게슈네첼테스
Birnbrot,비른브로트
Bündner Nusstorte,뷘드너 누스토르테
L'Etivaz,레티바
Malakoff (food),말라코프
Café de Paris sauce,카페 드 파리 소스
Rinderroulade,린더룰라데
Basler Brot,바슬러 브로트
Military biscuit,군용 비스킷
Riz Casimir,리 카지미르
Barros Jarpa (sandwich),바로스 하르파
Tortilla de rescoldo,토르티야 데 레스콜도
Chochoca,초초카
Crudo alemán,크루도 알레만
Porotos granados,포로토스 그라나도스
Terremoto (drink),테레모토
Machas a la parmesana,마차스 아 라 파르메사나
Guazi,과쯔
Shacha sauce,사차장
Qingtuan,칭퇀
Snake soup,뱀탕
Zhangcha duck,장차압
Chinese steamed eggs,중국식 달걀찜
Mute (soup),무테
Wine cake,와인 케이크
Cholado,촐라도
Coca Sek,코카 세크
Serviettenknödel,세르비에텐크뇌델
Houska,호우스카
Prdelačka,프르델라치카
Pomazánkové máslo,포마잔코베 마슬로
Katův šleh,카투프 슐레흐
Rakvička,라크비치카
"Birnen, Bohnen und Speck",비르넨 보넨 운트 슈페크
Buckling (fish),부클링
Flädle,플레들레
Makówki,마쿠프키
Kommissbrot,코미스브로트
Bienenstich,비넨슈티히
Butterkäse,부터케제
Saumagen,자우마겐
Donauwelle,도나우벨레
Frankfurter Kranz,프랑크푸르터 크란츠
Ischoklad,이쇼클라트
Milbenkäse,밀벤케제
Apfelküchle,아펠퀴흘레
Stegt flæsk,스텍트 플레스크
Pålægschokolade,폴렉스초콜레드
Remonce,레몽스
Sol over Gudhjem,솔 오버 구드옘
Brændende kærlighed,브렌네네 케를리헤드
Dyrlægens natmad,뒤를레겐스 나트마드
Kagemand,카게만
Kammerjunker (biscuit),카메르융케르
Maribo cheese,마리보 치즈
Molbo cheese,몰보 치즈
Tybo cheese,튀보 치즈
Dobara (Algerian dish),도바라
Algerian couscous,알제리 쿠스쿠스
Dawamesc,다와메스크
Algerian baklawa,알제리 바클라와
Mouna,무나
Chtitha,치티하
Kroki,크로키
Mazalika,마잘리카
Fakhfakhina,파크파키나
Koftet el hati,코프테트 엘 하티
Eish baladi,에이시 발라디
Salata baladi,살라타 발라디
Fesikh,페시크
Om Ali,옴 알리
Eggah,에가
Laban rayeb,라반 라예브
Egyptian cheese,이집트 치즈
Qishta,키슈타
Fideuà,피데우아
Natillas,나티야스
Panellets,파넬례츠
Puchero,푸체로
Tarta de Santiago,타르타 데 산티아고
Trinxat,트린샤트
Afuega'l pitu,아푸에갈 피투
Cocido madrileño,코시도 마드릴레뇨
Pionono,피오노노
Zamorano cheese,사모라노 치즈
Barquillo,바르키요
Candied almonds,설탕 아몬드
Kocho (food),코초
Awaze,아와제
Imelletty perunalaatikko,이멜레튀 페루날라티코
Makkaraperunat,마카라페루나트
Rosvopaisti,로스보파이스티
Fazer Blue,파제르 블루
Helmipuuro,헬미푸로
Mykyrokka,뮈퀴로카
Rössypottu,뢰쉬포투
Uunijuusto,우니유스토
Kaalilaatikko,칼리라티코
Rönttönen,뢴퇴넨
Turun sinappi,투룬 시나피
Hapanvelli,하판벨리
Espagnole sauce,에스파뇰 소스
Bologna sausage,볼로냐 소시지
Bleu de Gex,블뢰 드 젝스
Flummery,플러머리
Fruit fool,프루트 풀
Lancashire hotpot,랭커셔 핫팟
Sage Derby,세이지 더비
Steak pie,스테이크 파이
Sticky toffee pudding,스티키 토피 푸딩
Tea sandwich,티 샌드위치
Treacle tart,트리클 타르트
Bonchester cheese,본체스터 치즈
Arctic roll,아크틱 롤
Bath bun,바스 번
Bird's Custard,버즈 커스터드
Caboc,카복
Kendal Mint Cake,켄들 민트 케이크
Knickerbocker glory,니커보커 글로리
Mushy peas,머시 피
Sussex pond pudding,서식스 폰드 푸딩
Angel cake,엔젤 케이크
Crisp sandwich,크리스프 샌드위치
Dorset Blue Vinney,도싯 블루 비니
Jelly Babies,젤리 베이비
Parkin (cake),파킨
Chicken tabaka,치킨 타바카
Chashushuli,차슈슐리
Lobiani,로비아니
Satsebeli,사체벨리
Shkmeruli,시크메룰리
Tonis puri,토니스 푸리
Elarji,엘라르지
Kuchmachi,쿠치마치
Muzhuzhi,무주지
Pelamushi,펠라무시
Tenili,테닐리
Aprapransa,아프라프란사
Etor,에토
Gari and beans,가리 앤 빈스
Nkatie cake,은카티 케이크
Palaver sauce,팔라버 소스
Poloo,폴루
Ice kenkey,아이스 켄키
Koko (millet porridge),코코
Agbeli Kaklo,아그벨리 카클로
Dakos,다코스
Diples,디플레스
Kefalograviera,케팔로그라비에라
Kopanisti,코파니스티
Tirokafteri,티로카프테리
Portokalopita,포르토칼로피타
Anthotyros,안토티로스
Giouvetsi,유베치
Ladotyri Mytilinis,라도티리 미틸리니스
Zagorski štrukli,자고르스키 슈트루클리
Paški baškotin,파슈키 바슈코틴
Slavonian honey,슬라보니아 꿀
Međimurska gibanica,메지무르스카 기바니차
Kotlovina,코틀로비나
Turoš,투로시
Croatian bean soup,크로아티아 콩 수프
Češnjovka,체슈뇨브카
Székelykáposzta,세켈리카포스타
Rakott krumpli,러코트 크룸플리
Palóc soup,팔로츠 수프
Brassói aprópecsenye,브라쇼이 아프로페첸녜
Pálpusztai cheese,팔푸스터이 치즈
Diplomat pudding,디플로매트 푸딩
Fánk,판크
Pempek,펨펙
Asinan,아시난
Bumbu (seasoning),붐부
Nasi padang,나시 파당
Roti buaya,로티 부아야
Sayur asem,사유르 아섬
Seblak,스블락
Oncom,온촘
Semur (Indonesian stew),스무르
Tahu sumedang,타후 수메당
Tempoyak,템포약
Wajik,와직
Babi panggang,바비 팡강
Balado (food),발라도
Batagor,바타고르
Cooleeney Farmhouse Cheese,쿨리니 팜하우스 치즈
Milleens,밀린스
Durrus Farmhouse Cheese,두러스 팜하우스 치즈
Red lemonade,레드 레모네이드
Spice Burger,스파이스 버거
Cream cracker,크림 크래커
Kreplach,크레플라흐
Matzah brei,마차 브라이
Mofletta,무플레타
Lekach,레카흐
Afikoman,아피코만
Blintz,블린츠
Azymes,아짐
Apio (appetizer),아피오
Krantz cake,크란츠 케이크
Avial,아비알
Curd rice,커드 라이스
Kachori,카초리
Kadhi,카디
Uttapam,우타팜
Alu chat,알루 차트
Gujhia,구지아
Imarti,이마르티
Mysore pak,마이소르 파크
Sattu,사투
Kaju katli,카주 카틀리
Nankhatai,난카타이
Tandoori masala,탄두리 마살라
Bombay mix,봄베이 믹스
Chicken 65,치킨 65
Tikka (food),티카
Kalakand,칼라칸드
Khakhra,카크라
Khandvi (food),칸드비
Matar paneer,마타르 파니르
Pathiri,파티리
Shankarpali,샹카르팔리
Ada (food),아다
Chelfray,첼프라이
Kutach,쿠타치
Aush reshteh,아시 레시테
Pomegranate soup,석류 수프
Shirazi salad,시라지 샐러드
Kalehjoosh,칼레주시
Baghali polo,바갈리 폴로
Iranian pizza,이란식 피자
Reshteh khoshkar,레시테 호시카르
Sabzi polo,사브지 폴로
Sekanjabin,세칸자빈
Grjúpán,그리우파운
Sofrito,소프리토
'Nduja,은두자
Toto (dessert),토토
Ital,아이털
Fish tea,피시 티
Stamp and Go,스탬프 앤 고
Stew peas,스튜 피스
Kampot sea salt,캄폿 천일염
Bai pong moan,바이 퐁 모안
Chanang,차낭
Chha kh'nhei,차 크네이
Kampot pepper crab,캄폿 후추 게볶음
Bor bor thnaut,보르 보르 트나웃
Cha huoy teuk,차 후이 뜩
Cha kroeung,차 크러응
Mee ka tee,미 까 티
Yum sen lon,얌 센 론
Raheb,라헤브
Kokis,코키스
Dosi (food),도시
Pol sambol,폴 삼볼
Traditional rice of Sri Lanka,스리랑카 전통 쌀
Meskouta,메스쿠타
Babbouche,바부슈
Kourdass,쿠르다스
Amlu,암루
Boulfaf,불파프
Medfouna,메드푸나
Cassia flower bud salad,카시아 꽃봉오리 샐러드
Htamin jin,타민 진
Kya zan hinga,짜잔 힝가
Mohnyin tjin,모닌 친
No htamin,노 타민
Ounhmangu,온마응우
Pe htaw bhut htamin,페 토 붓 타민
Shwe htamin,슈웨 타민
Carne asada,카르네 아사다
Gordita,고르디타
Sonoran hot dog,소노라 핫도그
Walnut soup,호두 수프
Caldo tlalpeño,칼도 틀랄페뇨
Capirotada,카피로타다
Huachinango a la Veracruzana,우아치난고 아 라 베라크루사나
Huevos motuleños,우에보스 모툴레뇨스
Machaca,마차카
Torta ahogada,토르타 아오가다
Aguachile,아과칠레
Cemita,세미타
Guajolota,과홀로타
Pambazo,팜바소
Queso flameado,케소 플라메아도
Taco pizza,타코 피자
Cincalok,친찰록
Bosou,보소우
Kolo mee,콜로 미
Kue semprit,쿠에 슴프릿
Nasi tumpang,나시 툼팡
Tuhau,투하우
Dan wake,단 와케
Gizdodo,기즈도도
Ofada rice,오파다 라이스
Ofe Achara,오페 아차라
Ukwa (food),우크와
Banga rice,방가 라이스
Miyan taushe,미얀 타우셰
Ofe Oha,오페 오하
Ofe Owerri,오페 오웨리
Otong soup,오통 수프
Pawpaw soup,파파야 수프
Adalu (food),아달루
Afia Efere,아피아 에페레
Joppie sauce,요피 소스
Krentjebrij,크렌체브레이
Drabbelkoek,드라벌쿡
Dutch letter,더치 레터
Gevulde koek,헤뷜더 쿡
Uitsmijter,아위트스메이터르
Beemster cheese,벰스터르 치즈
Friesian Clove,프리슬란트 정향 치즈
Fritessaus,프리트소스
Graskaas,흐라스카스
Kanterkaas,칸터르카스
Zeeuws spek,제우스 스펙
Krotekake,크로테카케
Kvæfjord cake,크배피오르 케이크
Sandbakelse,산바켈세
Multekrem,물테크렘
Fyrstekake,퓌르스테카케
Kraftkar,크라프트카르
Kveik,크베이크
Smash (chocolate),스마시
Skjenning,셰닝
Heidal cheese,헤이달 치즈
Pukala,푸칼라
Sohari,소하리
Kwati (soup),콰티
Chukauni,추카우니
Dhikri,디크리
Gwaramari,과라마리
Laping,라핑
Pāua,파우아
Boil up,보일 업
V (drink),브이 에너지 드링크
Lemon & Te Aroha,레몬 앤드 테 아로하
Mince on toast,민스 온 토스트
Salchipapa,살치파파
Tacu-tacu,타쿠타쿠
Butifarra (sandwich),부티파라 샌드위치
King Kong (dessert),킹콩
Arroz zambito,아로스 삼비토
Peruvian pollada,폴랴다
Sangrecita,상그레시타
Shambar,샴바르
Sopa teologa,소파 테올로가
Jalea,할레아
Kalamay,칼라마이
Kesong puti,케송 푸티
Lechon kawali,레촌 카왈리
Mango cake,망고 케이크
Paksiw,팍시우
Bagnet,바그넷
Bistek,비스텍
Brazo de Mercedes,브라소 데 메르세데스
Latik,라틱
Maja blanca,마하 블랑카
Menudo (Filipino stew),메누도
Monay (bread),모나이
Pastel de Camiguín,파스텔 데 카미긴
Piaya (food),피아야
Pusô,푸소
Silog,실로그
Tortang talong,토르탕 탈롱
Biscocho,비스코초
Bulalo,불랄로
Camaron rebosado,카마론 레보사도
Daing,다잉
Gising-gising,기싱기싱
Chicken Lahori,치킨 라호리
Thadal,타달
Bundz,분츠
Kraków sausage,크라쿠프 소시지
Racuchy,라추히
Sarburma,사르부르마
St. Martin's croissant,성 마르틴 크루아상
Gołka,고우카
Prince Polo,프린스 폴로
Redykołka,레디코우카
Kluski,클루스키
Korycinski,코리친스키 치즈
Tripas à moda do Porto,트리파스 아 모다 두 포르투
Bifana,비파나
Xarém,샤렝
Baba de camelo,바바 드 카멜루
Espetada,이스페타다
Papo-de-anjo,파푸 드 앙주
Queijada (sweet),케이자다
Queijo de Cabra Transmontano,트라즈몬타누 염소 치즈
Bacalhau à Zé do Pipo,바칼랴우 아 제 두 피푸
Pastel de Tentúgal,파스텔 드 텐투갈
Portuguese sweet bread,포르투갈 스위트 브레드
Pão de Ló,파웅 드 로
Chipa guasu,치파 과수
Tobă,토버
Ostropel,오스트로펠
Colaci,콜라치
Cornulețe,코르눌레체
Gogoși,고고시
Mucenici,무체니치
Penteleu,펜텔레우 치즈
Rasol (Romanian dish),라솔
Caș,카시
Scorcolga,스코르콜가
Wedding cabbage,웨딩 캐비지
Viršle u zemički,비르슐레 우 제미치키
Ajmokac,아이모카츠
Ground biscuit,그라운드 비스킷
Serbian cheeses,세르비아 치즈
Pozharsky cutlet,포자르스키 커틀릿
Varenets,바레네츠
Khrenovina sauce,흐레노비나 소스
Rasstegai,라스테가이
Guryev porridge,구리예프 카샤
Khingalsh,힝갈시
Kinuski,키누스키
Krupenik,크루페니크
Hushållsost,후스홀스오스트
Hallongrotta,할론그로타
Prästost,프레스트오스트
Biff à la Lindström,비프 아 라 린드스트룀
Knäck,크넥
Swedish Fish,스웨디시 피시
Ädelost,에델오스트
Fruktsoppa,프룩트소파
Punsch-roll,푼슈롤
Svartsoppa,스바르트소파
Mandelkubb,만델쿠브
Vegetarian bee hoon,채식 비훈
Chwee kueh,추이궤
Prežganka,프레지간카
Styrian sour soup,슈타이어마르크식 신 수프
Zlevanka,즐레반카
Bujta repa,부이타 레파
Matevž,마테우시
Mavželj,마우젤
Barcaffe,바르카페
Šumienkový zákusok,슈미엔코비 자쿠소크
Sombi,솜비
Zrig,즈리그
Kibbeh safarjaliyeh,키베 사파르잘리예
Thong yip,텅이프
Carabao Energy Drink,카라바오 에너지 드링크
Mi krop,미끄롭
Kaeng tai pla,깽따이쁠라
Khai yat sai,카이얏사이
Phat phrik khing,팟프릭킹
Thong yot,텅엿
Kaeng hang le,깽항레
Khao mu daeng,카오무댕
Rigouta,리구타
Pkaila,프카일라
Tabil,타빌
Baklouti pepper,바클루티 고추
Oudnin el kadhi,우드닌 엘 카디
Hrous,흐루스
Kuymak,쿠이막
Boyoz,보요즈
Ezogelin soup,에조겔린 수프
Keşkül,케슈퀼
Piyaz,피야즈
Bülbül yuvası,뷜뷜 유바스
Mesir macunu,메시르 마주누
Yayla çorbası,야일라 초르바스
Ayva tatlısı,아이바 타틀르스
Ekmek kadayıfı,에크멕 카다이프
Hoşaf,호샤프
Kemal Pasha dessert,케말파샤 디저트
Pestil,페스틸
Sütlü Nuriye,쉬틀뤼 누리예
Tulum cheese,툴룸 치즈
Taro ball,타로볼
Eel noodles,장어 국수
Egg yolk pastry,단황수
Mango shaved ice,망고 빙수
Jin Xuan tea,진쉬안 차
Cheese tea,치즈티
Peanut ice cream roll,땅콩 아이스크림 롤
Belly button pastry,배꼽 페이스트리
Ji dan gao,지단가오
Pineapple shrimp balls,파인애플 새우볼
QQ egg,QQ 에그
Tshài-bué-thng,차이부에탕
Mandryky,만드리키
Shulyky,슐리키
Tsybulnyky,치불니키
Hutsul bryndza,후출 브린자
Kherson watermelon,헤르손 수박
Gombovtsi,곰보우치
Hutsul sheep bryndzya,후출 양젖 브린자
Kikalayi,키칼라이
Sombe,솜베
Omunanansi,오무나난시
Hushpuppy,허시퍼피
Candy corn,캔디 콘
Chocolate pizza,초콜릿 피자
Fluffernutter,플러퍼너터
Sweet potato pie,고구마 파이
Graham bread,그레이엄 브레드
Marshmallow creme,마시멜로 크림
Whoopie pie,우피 파이
Ambrosia (fruit salad),앰브로시아
Corn chowder,콘 차우더
Bánh tẻ,반떼
Bánh da lợn,반저런
Bánh đúc,반둑
Bún ốc,분옥
Chè trôi nước,째쪼이늑
Rượu nếp,즈어우넵
Bánh bột lọc,반봇록
Bún mắm,분맘
Zom (food),좀
Shatta (condiment),샤타
Tomato bredie,토마토 브레디
Waterblommetjiebredie,바테르블로메키브레디
Boeber,부버
Koe'sister,쿡시스터
Bokkoms,보콤스
Frikkadel,프리카델
Spatlo,스파틀로
Skilpadjies,스킬파키스
Braaibroodjie,브라이브로키
Soetpatats,수트파타츠
Inyama yenhloko,이냐마 옌흘로코
