wiki_en_title,country_code,reason
Camel milk,,원재료(낙타젖) — 요리 아님
Abgoosht,AM,이란 음식으로 더 알려짐
Azerbaijani pakhlava,AM,아제르바이잔 음식
Jermuk (water),,생수 브랜드
Caramel tart,,특정 국가 음식 아님(일반 디저트)
Steak and eggs,,일반적인 음식 조합
LA Ice Cola,,상업 브랜드 음료
Blue Heaven (flavour),,맛 이름 — 음식 아님
Chicken feet,,일반 식재료(부위)
Apple butter,,일반 음식 — 국가 특유 아님
Coconut milk,,일반 식재료
Cochinita pibil,BZ,멕시코 유카탄 음식
Jerk (cooking),,자메이카 조리법
Pork tail,,고기 부위
Peanut butter,,일반 음식 — 국가 특유 아님
Fried dough,,일반 음식 — 국가 특유 아님
Pasta primavera,CA,이탈리아계 미국 요리
Caramilk,,상업 브랜드 초콜릿바
Prawn soup,,일반 음식 — 국가 특유 아님
Carrot cake,,일반 디저트 — 국가 특유 아님
Processed cheese,,일반 가공식품
Head cheese,,일반 음식 — 국가 특유 아님
Cola de mono,,알코올 음료
Pasta,CN,이탈리아 음식
Shrimp paste,,일반 조미료 — 동남아 전반
Brittle (food),,일반 과자 — 국가 특유 아님
Sugarcane juice,,일반 음료 — 국가 특유 아님
Rice noodles,,일반 식품군
Chinese noodles,,일반 식품군
Roasted sweet potato,,여러 나라 공통의 일반 간식
Ambelopoulia,,불법 포획 야생 조류 요리
Granko,,상업 브랜드 제품
Hot dog,DE,미국 음식으로 더 알려짐
Bread roll,,특정 국가 음식이 아닌 일반 빵
Meatloaf,,여러 나라 공통의 일반 요리
Neapolitan ice cream,DE,이탈리아계 미국 디저트
Funnel cake,DE,미국 음식
Faxe Kondi,,상업 브랜드 음료
Jolly Cola,,상업 브랜드 음료
Guasacaca,DO,베네수엘라 음식
Corn nut,,미국 과자로 일반 간식
Jalebi,,남아시아 과자로 더 알려짐
Matzah,EG,유대 전통 음식
Simit,EG,튀르키예 빵으로 더 알려짐
Fig roll,EG,영국·미국 과자
Snails as food,,특정 국가 음식이 아닌 일반 식재료
Finnish bread,,특정 음식이 아닌 총칭
Lonkero,,알코올 음료
Mayonnaise,,전 세계 공통 소스
French toast,,여러 나라 공통의 일반 요리
Waffle,FR,벨기에 음식으로 더 알려짐
Stew,,일반 요리 분류
Mirepoix,,요리 기초 재료
Bouquet garni,,허브 다발(조리 재료)
Verjuice,,조리 재료
Cookie,,일반 과자 분류
Chocolate brownie,GB,미국 디저트
Gelatine dessert,,일반 디저트 분류
Chocolate truffle,,프랑스 유래 일반 과자
Baked potato,,여러 나라 공통의 일반 요리
Egg tart,GB,홍콩·포르투갈 음식으로 더 알려짐
Apple cake,,일반 케이크 분류
Horlicks,,상업 브랜드 제품
Borjomi (water),,광천수 브랜드
Poc chuc,GT,멕시코 유카탄 요리
Papadzules,GT,멕시코 유카탄 요리
Féroce,GY,프랑스령 앤틸리스 요리
Bajadera,,상업 브랜드 제품(크라시 초콜릿)
Duckanoo,HT,자메이카 디저트
Nutmeg,,향신료 원재료
Jian dui,ID,중국 음식
Bibingka,ID,필리핀 음식
Corned beef,,아일랜드 고유 음식 아님(일반 염장 소고기)
J&L Grubb,,회사(제조사)
Cidona,,상업 브랜드 음료
Cow Chocolate,,상업 브랜드 제품
Pesek Zman,,상업 브랜드 제품
Mekupelet,,상업 브랜드 제품
Tortit,,상업 브랜드 제품
Cottage cheese,,이스라엘 고유 음식 아님(일반 치즈)
Fish sauce,,인도 고유 음식 아님(일반 조미료)
Butter tea,,티베트 음료
Coconut rice,,여러 나라 공통 일반 요리
Khash (dish),IQ,아르메니아·캅카스 음식
Dried lime,,식재료
Ayran,IR,튀르키예 음료
Laksa,IR,말레이시아·싱가포르 음식
Mustard (condiment),,이탈리아 고유 음식 아님(일반 조미료)
Caesar salad,IT,멕시코 티후아나에서 유래
Sponge cake,,이탈리아 고유 음식 아님(일반 케이크)
Tomato sauce,,이탈리아 고유 음식 아님(일반 소스)
Garlic bread,,이탈리아 고유 음식 아님(일반 빵)
Ice cream cone,,이탈리아 고유 음식 아님(일반 과자)
Antipasto,,식사 코스 개념
Ting (drink),,상업 브랜드 음료
Matrix Carbonated Drink,,상업 브랜드 음료
Instant noodles,,일본 고유가 아닌 일반 식품 분류
Red bean paste,,동아시아 공통 재료
Kinako,,재료(볶은 콩가루)
River reed salt,,원재료(소금)
Kumis,,알코올 음료
Happy pizza,,대마 함유 음식
Mondulkiri wild honey,,원재료(꿀)
Green tea,,여러 나라 공통 음료
Sesame oil,,원재료(기름)
Rejuvelac,,리투아니아 고유가 아닌 일반 발효음료
Pepernoot,LU,네덜란드 과자
Kruidnoten,LU,네덜란드 과자
Mixed spice,,향신료 혼합물(영국)
Meatball soup,,일반 요리 분류
Rabbit stew,,일반 요리 분류(스투파트 탈페네크와 중복)
Baozi,MU,중국 음식
Chinese red eggs,MU,중국 풍습 음식
Chili con carne,MX,미국 텍사스 음식
Wrap (food),,일반 음식 분류
Monterey Jack,MX,미국 치즈
Masa,,재료(옥수수 반죽)
Calavera,,음식 아님(해골 장식)
Kola Shaler,,상업 브랜드 음료
Leerdammer,,상업 브랜드 치즈
Dandelion coffee,,특정 국가 음식 아님(일반 대용 커피)
Grünkohlessen,,독일의 식사 행사(음식 아님)
Snøfrisk,,상업 브랜드 제품
Garam masala,,인도 향신료 혼합으로 네팔 고유 아님
Mimosa Sugar Balls,,상업 제품
Foxton Fizz,,상업 브랜드 음료
Goody Goody Gum Drops,,상업 아이스크림 제품
Znoud el-sit,OM,레바논 디저트
Chorrillana,PE,칠레 음식
Kola Real,,상업 브랜드 음료
Tubâ,,알코올 음료(야자술)
Twisted doughnut,,일반 음식 종류
Himalayan salt,,식재료(소금)
Chicken lollipop,PK,인도 인도-중국 요리
Pakola,,상업 브랜드 음료
Amrat Cola,,상업 브랜드 음료
Curry powder,,일반 향신료 혼합(영국식)
Hyderabadi biryani,PK,인도 하이데라바드 음식
Rooh Afza,,상업 브랜드 음료
Weißwurst,PL,독일 바이에른 소시지
Marmalade,,일반 음식(국가 특정 아님)
Chorizo,PT,스페인 소시지
Pâté,,일반 음식(프랑스식)
Barberton chicken,RS,미국 오하이오 음식
Negro (candy),,상업 사탕 제품
Domiati,SD,이집트 치즈
Christmas ham,,일반 음식(국가 특정 아님)
Ginger tea,,일반 음료(국가 특정 아님)
Balkánský sýr,,체코식 발칸풍 일반 염장 치즈로 슬로바키아 고유 음식 아님
Galaktoboureko,SY,그리스 디저트
White coffee,,여러 나라에 걸친 일반 음료 개념
Black Ivory Coffee,,상업 브랜드 커피
Kadu bouranee,TJ,아프가니스탄 요리
Aushak,TM,아프가니스탄 요리
Nettle soup,,여러 나라의 일반적인 수프
Taboon bread,TR,팔레스타인·레반트 빵
Kačamak,,발칸 지역 요리
Popara,,발칸 지역 요리
Stuffed squash,,여러 나라의 일반 요리
Mooncake,TW,중국 전통 과자
Taiwanese tea,,대만 차 전반을 가리키는 총칭
Custard,,여러 나라의 일반 디저트
Pancake,,여러 나라의 일반 음식
Marshmallow,,여러 나라의 일반 과자
Muffin,,여러 나라의 일반 빵
Ice pop,,여러 나라의 일반 빙과
Tomato juice,,일반 음료
Cream cheese,,일반 유제품 재료
Chocolate chip,,재료(초콜릿 조각)
Military chocolate (United States),,군용 보급품
Smörgåstårta,US,스웨덴 요리
Twinkie,,상업 브랜드 제품
Kakinada Kaja,UZ,인도 과자
Egg roll,VN,미국식 중국 요리
Bánh,,빵·떡류 총칭
Coffee,,일반 음료
Samp,,재료(으깬 옥수수 알곡)
Cholent,FR,유대 전통 음식
Aila (liquor),,알코올 음료
Vaho,,영어 위키백과 문서가 동음이의어 문서라 근거를 잡을 수 없음
Twistees,,상업 브랜드 과자
Herbes de Provence,,허브 혼합(조리 재료)
