slug,commons_file,reason
mumu,A Mumu in Papua New Guinea.jpg,"P18(Earth oven 문서)은 하와이 돼지 구이 1890년경 사진. 공용 설명 ""The national dish of Papua New Guinea. The mumu being prepared"" (CC0, Jay Evennett 2024)"
shuwa,-,"P18(Quzi 문서)은 이라크 쿠지 사진, 오만 슈와 후보 사진(وجبة الشواء العماني.jpg)은 아이 얼굴이 함께 찍혀 서비스 노출을 피함 → 사진 없이"
burek,Burek in Sarajevo.jpg,"P18(Börek 문서)은 크라쿠프의 튀르키예식 뵈레크. 공용 설명 ""A Burek I ate in Sarajevo"", 분류 Burek in Bosnia and Herzegovina (CC BY-SA 4.0, Hibasi 2022)"
tibs,Tibs 1.jpg,"근거 문서가 'Ethiopian cuisine'(Tibs 리다이렉트)이라 문서 대표 이미지는 이스라엘 식당의 인제라 모둠. 공용 설명 ""Tibs : traditional Ethiopian food"" (CC BY-SA 4.0, Sofia.jahn 2014)"
shurpa,"Самарканд, сорпа в уличном кафе.jpg","P18 은 세르비아 닭고기 초르바(라이선스 'Copyrighted free use' 라 거절), 문서 대표 이미지는 불가리아 콩 수프. 공용 설명 ""Piala of sorpa in a street cafe. Samarkand, Uzbekistan."" (CC BY-SA 4.0, Nikolai Bulykin 2023)"
paczki,Polish paczki from Poznan.jpg,"P18·문서 대표 이미지 모두 'Polskie pączki.jpg'(GFDL 1.2 단독 → 거절). 공용 설명 ""Home donuts from Poznań. Made by hand."", 분류 Pączki · Cuisine of Great Poland (CC BY-SA 3.0, MOs810 2012)"
palusami,-,P18(Hawaiian-dishes-01.jpg)은 하와이 음식 사진이고 공용에 사모아 팔루사미 사진이 없음 → 다른 나라 사진 대신 사진 없이
shalgam,-,"공용 검색 결과가 인도 순무 볶음(Shalgam ki bhujia) — 다른 음식이라 사진 없이"
cong-you-bing,-,"공용 검색 결과가 양고기 요리와 함께 찍힌 사진 — 파전 모양이 잘 안 보여 사진 없이"
