country_code,country_ko,count
AT,오스트리아,100
BD,방글라데시,100
BE,벨기에,100
BR,브라질,100
CA,캐나다,100
CH,스위스,100
CN,중국,100
DE,독일,100
ES,스페인,100
FR,프랑스,100
GB,영국,100
GR,그리스,100
ID,인도네시아,100
IN,인도,100
IT,이탈리아,100
JP,일본,100
KR,대한민국,100
MX,멕시코,100
MY,말레이시아,100
NG,나이지리아,100
PE,페루,100
PH,필리핀,100
PL,폴란드,100
PT,포르투갈,100
SE,스웨덴,100
TH,태국,100
TR,튀르키예,100
TW,대만,100
US,미국,100
VN,베트남,100
AU,오스트레일리아,98
FI,핀란드,98
IR,이란,98
NL,네덜란드,94
UA,우크라이나,90
BO,볼리비아,88
RU,러시아,87
DZ,알제리,86
CL,칠레,85
RO,루마니아,79
IL,이스라엘,72
NO,노르웨이,72
CZ,체코,70
HU,헝가리,70
CO,콜롬비아,67
GE,조지아,66
DK,덴마크,63
NP,네팔,62
AZ,아제르바이잔,61
BG,불가리아,60
MM,미얀마,58
EG,이집트,56
NZ,뉴질랜드,55
PK,파키스탄,54
AM,아르메니아,51
BY,벨라루스,51
TN,튀니지,51
AR,아르헨티나,49
ZA,남아프리카 공화국,49
HR,크로아티아,48
KH,캄보디아,47
RS,세르비아,46
SG,싱가포르,46
GH,가나,44
IQ,이라크,44
LK,스리랑카,43
SI,슬로베니아,42
IE,아일랜드,41
CY,키프로스,39
SK,슬로바키아,39
CU,쿠바,38
MA,모로코,38
JM,자메이카,37
LT,리투아니아,35
SY,시리아,35
VE,베네수엘라,35
EC,에콰도르,34
LA,라오스,32
YE,예멘,32
BJ,베냉,30
PS,팔레스타인,30
AF,아프가니스탄,28
PY,파라과이,28
MN,몽골,26
CM,카메룬,25
HK,홍콩,25
IS,아이슬란드,25
MT,몰타,24
UY,우루과이,24
AL,알바니아,23
BA,보스니아 헤르체고비나,23
BN,브루나이,21
EE,에스토니아,21
ET,에티오피아,21
HT,아이티,21
KZ,카자흐스탄,21
MD,몰도바,21
LB,레바논,20
KG,키르기스스탄,19
JO,요르단,18
DO,도미니카 공화국,17
UG,우간다,17
GT,과테말라,16
LV,라트비아,16
SA,사우디아라비아,16
TT,트리니다드 토바고,16
LY,리비아,14
MK,북마케도니아,14
TJ,타지키스탄,14
AO,앙골라,13
BT,부탄,13
BZ,벨리즈,13
CR,코스타리카,13
GY,가이아나,13
KE,케냐,12
NI,니카라과,12
SN,세네갈,12
UZ,우즈베키스탄,12
LU,룩셈부르크,11
BS,바하마,10
ER,에리트레아,10
FJ,피지,10
SR,수리남,10
BF,부르키나파소,9
CI,코트디부아르,9
MG,마다가스카르,9
MV,몰디브,9
SV,엘살바도르,9
AE,아랍에미리트,8
HN,온두라스,8
KP,북한,8
MU,모리셔스,8
MW,말라위,8
MZ,모잠비크,8
PR,푸에르토리코,8
PW,팔라우,7
SD,수단,7
SO,소말리아,7
TZ,탄자니아,7
BB,바베이도스,6
CV,카보베르데,6
AD,안도라,5
BW,보츠와나,5
CD,콩고 민주 공화국,5
GA,가봉,5
GM,감비아,5
MC,모나코,5
ME,몬테네그로,5
NA,나미비아,5
PA,파나마,5
